,STUID,District,Gender,Age,Category,Same language,Siblings,Handicap,Father edu,Mother edu,Father occupation,Mother occupation,Below poverty,Use calculator,Use computer,Use Internet,Use dictionary,Read other books,# Books,Distance,Computer use,Library use,Like school,Subjects,Give Lang HW,Give Math HW,Give Scie HW,Give SoSc HW,Correct Lang HW,Correct Math HW,Correct Scie HW,Correct SocS HW,Help in Study,Private tuition,English is difficult,Read English,Dictionary to learn,Answer English WB,Answer English aloud,Maths is difficult,Solve Maths,Solve Maths in groups,Draw geometry,Explain answers,SocSci is difficult,Historical excursions,Participate in SocSci,Small groups in SocSci,Express SocSci views,Science is difficult,Observe experiments,Conduct experiments,Solve science problems,Express science views,Watch TV,Read magazine,Read a book,Play games,Help in household,Maths %,Reading %,Science %,Social %
STUID,1.0,0.14898286134760352,-0.010211477621149984,0.021540404611565502,-0.023616265461695263,-0.3671990826548709,-0.21485229899294542,0.029547941957522122,0.01749842145968449,-0.1393405977914589,0.03647128200290048,-0.09719438276007686,-0.10887793832439158,-0.04829710322232905,-0.02479240222232266,-0.012258559821700063,-0.0269601594313711,0.05367816716196101,-0.031798754443330954,0.09826712698836798,0.17403635519939176,-0.01371650789427749,0.06638929222362797,0.020335033117013294,-0.062082194134420884,-0.09945331534094687,-0.1304340129832413,-0.13022231956569513,-0.10746845660493937,-0.12787764143796868,-0.1413693592289628,-0.1555815277938477,0.01848566848755419,0.017547078532467095,0.08471364243566319,-0.046191950147255474,-0.07850543337646212,-0.05825625012489801,-0.03863075434508373,0.06013492573792916,0.03824435832403372,-0.12793342676278396,-0.06721146863862928,-0.08242242907169155,-0.014029022198139264,0.01762796285694228,-0.03514329979885655,-0.11251566296631864,-0.0999064844392353,-0.023593619426886356,-0.06371249510362781,-0.10737778787436394,-0.10002172381877143,-0.06998500655717539,0.06999630707190567,-0.08277059481733183,-0.030521789444805023,0.021927431559068036,-0.10337594367389902,0.03032483521382704,0.020312652797654183,-0.07482486592051799,0.03482394800441599
District,0.14898286134760352,1.0,0.0019118478387055366,-0.06917276279826172,-0.053910548583699376,-0.05217465651237664,0.17929960168423867,-0.007982504634146433,-0.007489815479273661,-0.1948084706858509,-0.003778629012118302,-0.11283653701960292,0.011222716994458636,-0.032567853042966804,0.06036404872625683,0.08282630869397115,-0.03898567296428329,-0.029276122469604475,0.0017652251377132406,0.06528737878593564,-0.08928491894191072,0.05908074040362897,-0.0312813602927969,-0.07540723854997547,0.024854559595408162,0.022867437584933512,0.05372975838373387,0.0027601759840283654,0.07584669885427081,0.03763407233543843,0.04532924611426579,0.024222714753088247,-0.010144321690560029,-0.050675453458607446,0.01292494700640356,-0.031706148340337345,0.05156853534869346,0.020494622465516126,-0.028473316374640255,-0.022288154759136133,0.034971502480656336,0.01690790587437547,0.0071696604056358465,0.052957296237384724,-0.03048270092574393,-0.0034110413435729367,-0.056180301470357116,0.011681440472798517,0.012439177919932508,-0.055713113802303364,-0.1200880546708538,-0.04627921836912198,-0.027155923825608327,-0.003913745062675965,-0.13758026185021252,0.008802649381811106,-0.0016344361577561035,-0.02905306140998093,-0.030264836852220048,0.020240174462030663,-0.03518685995547081,0.029329272499595646,-0.13479330308372456
Gender,-0.010211477621149984,0.0019118478387055366,1.0,-0.1304863539872079,-0.0038440749957494072,0.028810251649354687,0.10216826121606092,-0.0416912248351069,-0.029330144084496308,0.009208257794613353,-0.021318953958081994,0.04718799365308945,0.03932490620201042,-0.10383762540961404,-0.07282904920843458,-0.08373197582183865,-0.04158058900054706,-0.011088741769188871,-0.03888988171665809,-0.07429131694733024,-0.04106347710037325,0.0660666999208903,-0.0010067792138252075,-0.03972136524721072,0.07929393747413045,0.02252562613607546,0.02170543806028017,0.040245748430793475,0.03377689395404395,0.010356130305466461,0.01110460191885059,0.01758136444997582,0.028360428762173897,-0.08335999405950112,-0.01834976342033041,-0.092589103611998,-0.026468102860479684,-0.02851267509696427,0.0040017971257388495,0.02422989373411474,-0.06088001813659222,-0.031265965703178265,-0.022658020780388713,-0.047358805280003156,-0.040542162412911704,-0.04699406963293184,-0.030080017268208747,0.003982253923235766,-0.02258595761054344,0.027267674241801702,0.009361098655053053,0.020653963163202397,-0.015803193905433603,-0.033509291139718136,-0.023700050769574443,-0.023135525825368448,0.021803993452118357,-0.08548236587606148,-0.013370139932525045,-0.058486582873617056,-0.024390001844959538,-0.022377934513493535,-0.2909247164223659
Age,0.021540404611565502,-0.06917276279826172,-0.1304863539872079,1.0,-0.09031798384086909,0.03053701276933731,0.022205629347558632,-0.02758974502182925,-0.03777380126655603,-0.04621733257602959,-0.06445411742884796,0.007795517835882297,0.014641597515033388,0.030865706021435676,-0.0015894803887063088,-0.01577489490849973,-0.02039413658846053,-0.009434042677884655,0.01688584649830995,0.011336191925954666,0.04866611953332558,-0.019431616994862042,-0.06776834940705583,0.04336876930492731,-0.0013216131997256485,0.04144886477370741,0.03124166316352896,0.06052065717047851,0.02710915565855037,0.030035032102134877,0.036899342782011305,0.0351549765361837,-0.02422490674960199,-0.06266063923044957,0.010630093730555236,0.003644845141126296,0.028085891884086733,0.004131175394687844,-0.032488618695236136,0.020247609996173605,-0.006488097667791197,0.0104433578734956,-0.010642943927106735,-0.004384118455471369,0.021079692562234433,0.012518970031851722,0.005129017383521355,0.012313452054892917,-0.04579968063315395,0.054523325018051,0.027444413788414286,0.027799611915790612,0.021336474095422442,0.01417287824393645,0.03140144410581996,-0.020443643335022764,-0.02398366454058961,0.02463018599101827,0.10443532378358286,0.04511877162035668,0.031639903914327,0.03827033397530816,0.014502175545890285
Category,-0.023616265461695263,-0.053910548583699376,-0.0038440749957494072,-0.09031798384086909,1.0,0.07859174576739546,-0.04072614550682484,0.03127308913112486,0.14006022842446347,0.10242058767558031,0.0978680921714696,0.015196136500481294,-0.09123020829008362,0.022738873382889203,0.026032640767604597,0.009850874147807819,0.1319273734138382,0.0649080301541136,0.04366550096144396,0.006601717023845357,-0.0863121939709603,0.022829296326613797,0.10701242990764483,0.00977976696999588,-0.019671755772924692,0.05343839147052921,0.029851067048098485,0.020666820743481387,0.03346816506647337,0.07483840786349588,0.04674457361221368,0.03627050062026284,0.06693373143909441,0.09405292591664022,-0.007020293538082568,0.07619721451399043,0.04690741435087725,0.050304274468407566,0.019039959904939816,-0.10963488011592604,0.019581740910617162,-0.026318773360929592,-0.0104521184781089,0.019932231756906414,0.01736604539662273,0.055701424879164955,0.05062641490915047,-0.0077590857150538605,0.02476525650820913,-0.022114932065913775,-0.004168602070957878,-0.03457639881509478,0.015711103018509826,0.008087649544771081,-0.011516930395016224,0.018554104216290754,0.016206403264930933,0.055990426047137345,0.039888483080842876,0.06822928939666471,0.10398932285962002,0.13304575727970452,0.15430253198976032
Same language,-0.3671990826548709,-0.05217465651237664,0.028810251649354687,0.03053701276933731,0.07859174576739546,1.0,0.1995696200098122,0.03334644378133308,0.06073091263071948,0.10823525809385787,-0.016190473144975924,0.1637615973341572,0.05824574903449534,0.06676573689269255,-0.0013516346762237294,0.010364693988464093,0.09193890301577357,0.01936174391686897,0.07544918653303749,-0.042495948293200574,-0.07121784265076973,0.07441939537601988,-0.039480874192865535,0.010516419902276792,0.026156639307230726,0.06073964354539614,0.04587764447796363,0.10075340879914867,0.06141571582351173,0.0590080799152283,0.029538337057763403,0.10081031510415858,-0.04001491295831367,-0.1307213684899165,-0.10787387527332208,-0.0017300850128410285,0.09702798709792007,0.06129266107815898,0.07830897260076754,-0.021607735857114747,0.018899326905114464,0.1286136803212768,0.08844623544565593,0.1085929248989356,0.0609291805009151,0.07380265812075665,0.05850389774081381,0.041435477230487315,0.06266562322411914,-0.02529833122732613,0.11366488840462717,0.11056343206154734,0.07275346860747908,0.06925049364234723,-0.03761055979229526,0.062431883914939326,0.034482062507065904,0.018817104234522333,0.08369605880000447,-0.011779561965958567,0.008359825236874334,0.17551179621846058,0.012333988701964586
Siblings,-0.21485229899294542,0.17929960168423867,0.10216826121606092,0.022205629347558632,-0.04072614550682484,0.1995696200098122,1.0,-0.00946406956848196,-0.08368108632771482,-0.10072580516516817,-0.04595032828438306,0.009772243417394381,0.11519117534510523,-0.03875362483163618,-0.03007984667786812,-0.02923261681335621,-0.08417264969875128,-0.06742643098174277,-0.044813874227971735,-0.09305155118319124,-0.1792189508407279,0.023981938320588377,-0.07437062398020315,-0.07686372721027819,0.09314570481811367,0.07444835588290785,0.09072689465425712,0.10744997494500232,0.07286621149534993,0.058407247070852854,0.068131378665675,0.08103638436620246,-0.042853191895527436,-0.07713852869759401,-0.02262187905330201,-0.11107080912900244,-0.01738862852943488,-0.061950476841383315,0.0037848166730424094,0.04317958550527346,-0.06654587834511742,0.05735297492545178,-0.04867266691303782,-0.028496101071198484,-0.03372472965288181,0.019199685883227964,-0.04710095157168519,0.013363646027489693,-0.022061016287703593,0.07308685934890263,-0.0008822311126022782,-0.009508692640864697,-0.024100327445025622,-0.0656170019711241,-0.1673783955223073,-0.04566351010355305,-0.027357521039189554,-0.0592117414380402,0.09209716925050959,-0.005691880645604226,-0.16542785640659002,0.009394430011935895,0.0035114577766099065
Handicap,0.029547941957522122,-0.007982504634146433,-0.0416912248351069,-0.02758974502182925,0.03127308913112486,0.03334644378133308,-0.00946406956848196,1.0,0.03350522654361927,0.04232493136244672,0.0343057913801329,0.012505196620815553,0.01774324700675006,0.02354884477645152,0.08627057031397682,0.11426348077377636,0.06388089302087961,0.06407562283590501,-0.004582521462382023,0.04076184075566477,0.04767852940367487,0.08470441841600632,0.01191962554029396,0.006067842456275038,0.03998988815585736,0.11036738658531917,0.10609153034128732,0.10413685362600655,0.04709680692387386,0.11355977718078765,0.08473084834729258,0.09163082429670259,0.06443305646493841,0.02642209671065325,-0.02980535520811056,-0.02215671922694543,-0.001144455609316721,0.0095281529152411,0.01607210778882483,-0.034390416293577614,0.023659441556306705,0.03789156985088695,0.008153483100036775,0.039015972054350395,-0.01142988215777955,0.01870487992139432,0.02813718391404304,0.051871701929612594,0.0631450802294839,-0.08902410448513412,0.008162660699527724,0.002643576651338561,0.06220445311236156,0.07278002496932631,0.06372400654079301,0.0780298431042212,0.06551387131366247,0.045627944594347804,-0.0015515050590289743,0.009637453245647845,-0.03699053187640287,-0.03664927982277631,0.03324994465885459
Father edu,0.01749842145968449,-0.007489815479273661,-0.029330144084496308,-0.03777380126655603,0.14006022842446347,0.06073091263071948,-0.08368108632771482,0.03350522654361927,1.0,0.39947104241480336,0.34416866174773314,-0.00878073277244498,-0.10543229989121353,0.14289227657308526,0.1925010147590087,0.13833548089803424,0.2448588075530571,0.1771381627313365,0.25509592259285013,0.12108876563474162,0.04028886585830129,0.06598758780096078,0.06748113657578775,0.09919676797601258,-0.06782097699204401,0.06783307024622194,0.032225143239823596,0.004721643472839002,-0.027625088878455207,0.0535971470961161,0.02955253789231871,0.020967860066391942,0.1646293113267408,0.10868735582532242,-0.06008389349493863,0.05605585260494955,0.14610652687813208,0.09894958972526108,0.030793799390962325,-0.13089201933824024,0.058240770322706074,0.03647452564132814,0.09808156539936008,0.12477180521315694,-0.021780716779265526,0.0918228552307659,0.08463204871704312,0.03870218826540491,0.07636993658125492,-0.07089658354352193,0.026026591519459442,-0.015767738648929077,0.06708269763242042,0.10574441838907847,0.0727837629431987,0.18067511425991042,0.11732695452495066,0.04991674351305377,0.02644320752878794,0.013449792350286335,0.19431208846150455,0.20202009650682293,0.06070305971412404
Mother edu,-0.1393405977914589,-0.1948084706858509,0.009208257794613353,-0.04621733257602959,0.10242058767558031,0.10823525809385787,-0.10072580516516817,0.04232493136244672,0.39947104241480336,1.0,0.19426521947556266,0.24100352806845746,-0.069866038755441,0.18425859486093146,0.17866673705552477,0.14985921764613286,0.2058597637028979,0.10661202409066137,0.15450499003722543,-0.07434188403096982,0.1022208570731299,0.04655317735022726,0.00497868418788074,0.04818591958810389,0.010642942641976669,0.07922459178383137,0.07235019722674965,0.0904909985467564,0.025995972191079585,0.07028493890908905,0.07180404608284653,0.08198960034503741,0.08161046572856435,0.03549914448577609,-0.05218054664566405,0.0602812413526432,0.08782366519271254,0.08137442788910719,0.08829790204855521,-0.08170895783425836,0.08021763490945964,0.08091780593541566,0.11565820360433109,0.11721356658375277,0.009880707801597902,0.06514794736180995,0.09335508892991935,0.0806462205641392,0.06211748087562891,-0.07620476671888256,0.10955958351604053,0.03179134397564208,0.09389471814503819,0.10006428475366787,0.13452589310676102,0.17431964232422711,0.036397100073397956,0.015002461551265356,0.04904812512663888,0.033872213578663636,0.13026186116254285,0.2705079618250112,0.26606994279537244
Father occupation,0.03647128200290048,-0.003778629012118302,-0.021318953958081994,-0.06445411742884796,0.0978680921714696,-0.016190473144975924,-0.04595032828438306,0.0343057913801329,0.34416866174773314,0.19426521947556266,1.0,0.0024958385659955384,-0.11377438661502587,0.1620046890183836,0.11788615661454929,0.1346958328582607,0.16253243913175852,0.13428661559240634,0.1921253420926599,0.05545159565410522,-0.025715728198009106,-0.040929119591523594,-0.027255696749269857,0.07194583708706453,-0.0894900482241553,0.025201856316975482,-0.0009780256928524139,-0.05914860789746635,-0.09198215097221378,-0.0049092150514071205,-0.031920226902684014,-0.07790316805030503,0.0974435093763072,0.16962829572115046,0.00984745988679128,-0.0009764474301395484,0.040555926871244305,-0.0025297049656896027,-0.04091226956763874,-0.012134664890570836,0.019360521447136285,-0.007138051767369309,0.09054788189721791,0.05339434745152513,0.030694241799117138,0.07161170748682429,0.026643982902859086,0.003602928156825102,0.047652569461137426,-0.047303695442118106,-0.012739624679327235,-0.046686068188628936,0.013436147007868786,0.0676344414083978,0.056233693337095436,0.11804559307012139,0.04225453586614088,-0.013059972274549483,0.003954379719102269,0.04550913486336978,0.16277386518768364,0.11711002209160801,0.05131275381677978
Mother occupation,-0.09719438276007686,-0.11283653701960292,0.04718799365308945,0.007795517835882297,0.015196136500481294,0.1637615973341572,0.009772243417394381,0.012505196620815553,-0.00878073277244498,0.24100352806845746,0.0024958385659955384,1.0,-0.001630824132927587,0.03352134604332446,0.051044430648896036,0.017339407524749554,0.025029949187907713,9.62270136405403e-05,-0.003847837953921721,-0.06035192065336911,-0.016821817291267062,0.0663439236810562,-0.05013718731741539,-0.012150318855783828,-0.043923232002719845,0.016562218454704642,0.01539053261970904,0.06212849403624673,-0.04196456225540507,0.022741010134728176,-0.009400826463143892,0.0500680636059148,0.042674617067984644,-0.06341052286586579,-0.05498285514055916,0.05069954738326288,0.054747483713887185,0.05479297712329279,0.07428582364754904,-0.021691023254207544,0.027964362467005118,0.0958029693218117,0.0746323940006651,0.03535914240413514,-0.0002515149180031587,0.0008673606909638615,0.06551870198674886,0.08595521425391113,0.05197797561970523,-0.005084908847614144,0.08163273183693696,0.051558711960478676,0.05565039681801647,0.043525977125516174,0.03769281358726948,0.06891195392893079,0.043611582411961676,0.07152243455115907,0.024460763040070072,-0.03371626657896988,0.034975205060629865,0.03059382685370932,0.00634589190848201
Below poverty,-0.10887793832439158,0.011222716994458636,0.03932490620201042,0.014641597515033388,-0.09123020829008362,0.05824574903449534,0.11519117534510523,0.01774324700675006,-0.10543229989121353,-0.069866038755441,-0.11377438661502587,-0.001630824132927587,1.0,-0.021592962397722376,-0.12280559094247798,-0.10035208533135205,-0.07435571904626058,-0.050312792692765576,-0.03291421339057419,-0.08457088089001472,-0.07942080239846343,-0.02623961991531264,-0.06397774189639313,-0.015294288101330647,0.025552061841721752,-0.034869236147318884,-0.010297542700966143,-0.010327346167280996,0.00977819808093763,0.005191424183625991,0.014720603235737156,0.023979139204717552,0.046254356352813504,-0.0023372410439050054,0.0035937999162279593,-0.027537929576363734,-0.04275386498392941,-0.036658702245140305,-0.007264949138707852,0.0366700640614074,-0.021445865517614005,-0.019847026834356043,-0.008314148333839932,-0.04087187428936581,-0.008676062762848932,-0.019389726658124818,-0.02699411507203933,-0.027202987189638712,-0.05682964414237654,0.033219320988537415,-0.004274363447860833,0.015087625194802484,-0.050810834404828954,-0.047486564602215425,-0.02575702785297032,-0.049244619490228445,-0.011467095948849185,0.05905335264237533,0.07256251978970854,-0.01688466422781561,-0.06975516736387191,-0.08644474408198095,-0.03492751357350773
Use calculator,-0.04829710322232905,-0.032567853042966804,-0.10383762540961404,0.030865706021435676,0.022738873382889203,0.06676573689269255,-0.03875362483163618,0.02354884477645152,0.14289227657308526,0.18425859486093146,0.1620046890183836,0.03352134604332446,-0.021592962397722376,1.0,0.29983954385473655,0.3628231061039462,0.1935086739997031,0.1280304163416972,0.18634227347932578,0.004487122898884081,0.017940806290135353,0.052856406720280184,0.02920772438836675,0.07726158461320157,-0.03681991830127642,0.045957028685540934,0.02693352755206019,0.02051101301586048,-0.010327840535279898,0.031080978769451283,0.044537130583689126,0.03379774675330141,0.07414241263310045,0.0767482232271894,-0.0898544504539873,0.025149377417023607,0.035706770215921425,0.06259400847662604,0.042688538324824346,-0.0950008360218421,0.07693520761614323,0.06696277985765922,0.13548585909360006,0.1267311176027157,-0.048918082126013555,0.07567878517670623,0.08535160351139055,0.07736556396699579,0.09574743292522589,-0.1130656995464736,0.02798330447085495,0.05649462760322284,0.08240081687950553,0.12265676310146033,0.12007581848209632,0.15614149639855332,0.11063711972537772,0.0702452830781331,0.010733813913381435,0.02119464087352063,0.14677229632712094,0.09319607133090552,0.2056329382905209
Use computer,-0.02479240222232266,0.06036404872625683,-0.07282904920843458,-0.0015894803887063088,0.026032640767604597,-0.0013516346762237294,-0.03007984667786812,0.08627057031397682,0.1925010147590087,0.17866673705552477,0.11788615661454929,0.051044430648896036,-0.12280559094247798,0.29983954385473655,1.0,0.6505552700478504,0.23094737424876285,0.03800456424344865,0.16869527012318497,0.07797255324349747,0.086600773821966,0.14771248688371222,0.13958907379806107,-0.0020187402698919714,0.02500898728732798,0.0659595749410989,0.09242259267922656,0.07688520831206788,0.052865018942832,0.07162258688357181,0.06259647084791257,0.057761490187628585,0.08171116418631653,0.00312991208786376,-0.05096354611777846,0.13793122022225626,0.026307637424927244,0.10676247208993865,0.0940762372706437,-0.05362591877908814,0.10875079002014336,0.10146281217904103,0.12162441386052855,0.13962537944896627,-0.016390876447020405,0.09883230041142096,0.08150943761280816,0.0880726939789146,0.07739415276352139,-0.05814145275345922,0.025884483233467592,0.07109983347690008,0.09439408945377593,0.11446767894800432,0.03521048693893055,0.15349909376778864,0.10809555644825211,0.004239906653378579,-0.028728124517076604,0.03700588231413642,0.13598778501305547,0.14622797313729044,0.13650047872118506
Use Internet,-0.012258559821700063,0.08282630869397115,-0.08373197582183865,-0.01577489490849973,0.009850874147807819,0.010364693988464093,-0.02923261681335621,0.11426348077377636,0.13833548089803424,0.14985921764613286,0.1346958328582607,0.017339407524749554,-0.10035208533135205,0.3628231061039462,0.6505552700478504,1.0,0.2853409875109726,0.035772046651378245,0.13481988799319908,0.06316600434541798,0.09359759782164212,0.15328988108670308,0.11572338594994352,-0.02676366634474653,0.018931524106548078,0.09406460995004397,0.13149816301158887,0.1006216786239888,0.05149732136868136,0.10258551239101366,0.11037140793469166,0.10084375493741751,0.0608755050607079,0.020499278634508275,-0.07795986909069463,0.10446126507254695,0.031136221111229878,0.1106766947309251,0.0925476212430124,-0.09553692751516281,0.11287048539075706,0.07908566639075591,0.1244269426743101,0.14946507699038009,-0.04420933176160158,0.08246446936264049,0.05774216339374337,0.07003836337487454,0.06586381847719215,-0.09449026826902689,0.034411622768763146,0.06709682359699883,0.0998573003633879,0.11372412150004006,0.0274206282759938,0.11986605166362892,0.13358996916533744,0.02536354529220442,-0.005447308126992608,0.008490257567485062,0.13047495614198992,0.16170485951145602,0.1228305007218291
Use dictionary,-0.0269601594313711,-0.03898567296428329,-0.04158058900054706,-0.02039413658846053,0.1319273734138382,0.09193890301577357,-0.08417264969875128,0.06388089302087961,0.2448588075530571,0.2058597637028979,0.16253243913175852,0.025029949187907713,-0.07435571904626058,0.1935086739997031,0.23094737424876285,0.2853409875109726,1.0,0.23691294959583115,0.23003585531801946,0.03865511280977509,-0.042363580082501594,0.10031559750838179,0.07789474025551713,0.009796162344493958,-0.046843422336526816,0.10382315438746283,0.07077678495175505,0.05353028151299962,0.03712785629588245,0.12253168046852483,0.12552753103093775,0.08997345797538436,0.17854806560768155,0.06097397434621769,-0.09840593313486318,0.05797251034987416,0.23820487961588657,0.16224015079667217,0.08008758237964785,-0.1245333009004205,0.04841705540566631,0.07743088562641057,0.1266581161166129,0.12915187413943766,0.008202553217976258,0.0863603284581173,0.09988869931005348,0.059077006538075454,0.09317706548904851,-0.062170214460952375,0.12119622026822682,0.01956365360966119,0.08861421697280171,0.11910866825869962,0.05307589322802156,0.2121033009899718,0.15326802801381859,0.06204631149948534,0.03499227200153194,-0.014803086178980763,0.24956628546224846,0.2831816582062306,0.1438991238635564
Read other books,0.05367816716196101,-0.029276122469604475,-0.011088741769188871,-0.009434042677884655,0.0649080301541136,0.01936174391686897,-0.06742643098174277,0.06407562283590501,0.1771381627313365,0.10661202409066137,0.13428661559240634,9.62270136405403e-05,-0.050312792692765576,0.1280304163416972,0.03800456424344865,0.035772046651378245,0.23691294959583115,1.0,0.43945237444371793,0.017601617560687458,0.01924703455192924,0.022552452029685484,0.044603680203005695,0.14375877528027295,0.02199258106381015,0.08120917672719427,0.052481950823933685,0.031072661314560247,0.06018732873859228,0.11514492275409004,0.10753559799510694,0.07633011034277556,0.17632505536757498,0.10869270371601582,-0.0024941724646088265,0.002715744865299454,0.1667725911599462,0.07869598633984093,0.04710795541756653,-0.012592567734329289,0.12832257381138965,0.08660597810767551,0.13302381951507264,0.11274429733403667,-0.0016697260497804654,0.06401803107970556,0.07589658491330853,0.06721294607092175,0.06538512881789967,-0.14422767525286692,0.1081773195929572,0.03369895671075149,0.0463602742691048,0.07867240123352914,0.12168759825600177,0.2227647566451151,0.1449438555003603,0.0319013650277343,0.05562829493695239,0.04010873909848943,0.12133521883303007,0.21890963194284713,-0.09553610740820212
# Books,-0.031798754443330954,0.0017652251377132406,-0.03888988171665809,0.01688584649830995,0.04366550096144396,0.07544918653303749,-0.044813874227971735,-0.004582521462382023,0.25509592259285013,0.15450499003722543,0.1921253420926599,-0.003847837953921721,-0.03291421339057419,0.18634227347932578,0.16869527012318497,0.13481988799319908,0.23003585531801946,0.43945237444371793,1.0,0.07496308301840339,0.0881366893921954,0.11771106988052177,0.03628537296842668,0.09084113236987262,0.0244716852512957,0.03054003316040623,-0.022534332192640075,-0.011794985405881106,0.040326087694088165,0.03993730379606596,0.010857951905269047,-0.012862466593765165,0.15829895965847732,0.045986271192659356,-0.10390475838929522,0.03361650977779147,0.140363327121137,0.1042992058883566,0.044540805164928504,-0.05912560426773813,0.09681404857232291,0.1275484860347916,0.19478860115722965,0.18443121705045695,-0.0055961429314344046,0.08686575029512297,0.09205142634203965,0.09759272568980963,0.11006519028329019,-0.09214013800975747,0.027150204906498412,0.08442022893587987,0.05139164481536993,0.1157538633879054,0.09453095029987997,0.24114456469776085,0.1599401885623325,0.02643191391786271,0.04910644275892581,0.028888543604124,0.1637090934103547,0.3009014608591754,-0.0863466286429642
Distance,0.09826712698836798,0.06528737878593564,-0.07429131694733024,0.011336191925954666,0.006601717023845357,-0.042495948293200574,-0.09305155118319124,0.04076184075566477,0.12108876563474162,-0.07434188403096982,0.05545159565410522,-0.06035192065336911,-0.08457088089001472,0.004487122898884081,0.07797255324349747,0.06316600434541798,0.03865511280977509,0.017601617560687458,0.07496308301840339,1.0,0.08950848656164488,0.006360534457515458,0.022050581961820855,-0.02474222111705062,-0.0573252806051731,0.010671664328318212,-0.005535070590165599,-0.028362427313741494,-0.03257386948898964,-0.0005567599695165254,-0.0112878637997122,-0.027907625561575937,-0.01828737076105765,0.030428349615173808,0.07388458263175703,0.04479532169484679,0.010097378742528767,0.028932606466677394,-0.006785146859349617,-0.013184330348225283,0.0023719913810277653,-0.016962906036143085,0.02228865035554635,0.04264556818997114,0.0625592876786199,0.006130470812850882,-0.02608563960569591,-0.016752069967577173,-0.00734045148313063,-0.03553912867853802,-0.07507577427830957,-0.03820573989790758,-0.032436169095265754,0.006300701180760385,0.04190907906734123,-0.031156878359657664,-0.006220902772189864,0.025060234895348643,-0.06303481769817296,0.026958073806159583,0.13449352166558945,0.06749566057324499,0.1066436759159276
Computer use,0.17403635519939176,-0.08928491894191072,-0.04106347710037325,0.04866611953332558,-0.0863121939709603,-0.07121784265076973,-0.1792189508407279,0.04767852940367487,0.04028886585830129,0.1022208570731299,-0.025715728198009106,-0.016821817291267062,-0.07942080239846343,0.017940806290135353,0.086600773821966,0.09359759782164212,-0.042363580082501594,0.01924703455192924,0.0881366893921954,0.08950848656164488,1.0,0.21780547009378737,0.036372785228330054,0.0352739583138462,0.09595961246049062,0.016716797941953573,-0.022444093496659885,0.02768930832270268,0.08803399120878266,-0.0061133575422114865,-0.028118463081223934,0.020405622634038036,0.05126157071862047,-0.08506775438575996,-0.020506468847778105,0.04965813942915714,-0.06458155022199275,0.008592585954701417,0.020076139039376443,0.014234911079816797,0.039250027459156435,0.04091001640034386,0.07073332181166281,0.09058485414404956,-0.045774439181106984,0.01796734180144549,0.01993441903758462,-0.016846024941064568,-0.07020945898482049,-0.0509005637362992,0.09067534636692548,0.17600160352785924,0.038237154021098646,0.01864634255628486,0.18743657942151193,0.1428746591959643,0.09804445981258138,-0.015567907538423631,-0.10835780924315552,0.00284503315410645,-0.028339333874716644,0.006140348555744781,0.03798592185738058
Library use,-0.01371650789427749,0.05908074040362897,0.0660666999208903,-0.019431616994862042,0.022829296326613797,0.07441939537601988,0.023981938320588377,0.08470441841600632,0.06598758780096078,0.04655317735022726,-0.040929119591523594,0.0663439236810562,-0.02623961991531264,0.052856406720280184,0.14771248688371222,0.15328988108670308,0.10031559750838179,0.022552452029685484,0.11771106988052177,0.006360534457515458,0.21780547009378737,1.0,0.10698983891289199,-0.005745534222659822,0.08612557868134449,0.14660179887727243,0.11375613898065529,0.12062915374116226,0.10546162506993369,0.13011414184940584,0.11794540767352908,0.11036541839443159,0.08264875248462007,-0.06203058164716571,-0.15868976739355473,0.09046502554833383,0.05308360137710194,0.08865279828272753,0.05394739562378849,-0.11720546447728035,0.01910646680204696,0.12159532596275537,0.09655273577002095,0.0848006652145454,-0.09624031700853194,-0.012748773938904967,0.08134695973381159,0.10611730015071387,0.05002830598673527,-0.06471576294338341,0.07924607314645789,0.13106875784302874,0.14961796846156486,0.08198686275318855,0.05058469088244778,0.1987276308148627,0.17208460976261936,0.07986908137411015,0.003348625671047121,-0.033881870264952554,0.03902590916416509,-0.08574636985158962,0.11050595160304534
Like school,0.06638929222362797,-0.0312813602927969,-0.0010067792138252075,-0.06776834940705583,0.10701242990764483,-0.039480874192865535,-0.07437062398020315,0.01191962554029396,0.06748113657578775,0.00497868418788074,-0.027255696749269857,-0.05013718731741539,-0.06397774189639313,0.02920772438836675,0.13958907379806107,0.11572338594994352,0.07789474025551713,0.044603680203005695,0.03628537296842668,0.022050581961820855,0.036372785228330054,0.10698983891289199,1.0,-0.017780874117100068,0.030888521180821527,-0.004503637044085158,-0.009577591187750511,-0.029748093636293826,0.03208892655840201,0.0033014219347762153,0.009377999296359558,-0.007884310685690739,0.1049457667940475,0.05276056202580951,-0.046172816057372924,0.057977965217030504,0.03847450697552329,0.09138637713730337,0.06727965629480595,-0.05605105877829764,0.03824718514774401,-0.015230799736411641,-0.01172981123864915,0.009440266193810984,-0.005437390157048764,0.020500498252545123,0.02688789520399144,0.0016367790522378721,0.014723666630526221,-0.0024528224569873814,0.0031935680730920445,-0.04005368226895632,0.006226780452903615,0.02436247844498185,-0.010555575097974324,0.05878050907273396,0.05859109111791113,0.044100105637107284,0.04565690484979532,-0.03609983680239566,0.06977651558251359,0.17915571454635265,0.08457901404396521
Subjects,0.020335033117013294,-0.07540723854997547,-0.03972136524721072,0.04336876930492731,0.00977976696999588,0.010516419902276792,-0.07686372721027819,0.006067842456275038,0.09919676797601258,0.04818591958810389,0.07194583708706453,-0.012150318855783828,-0.015294288101330647,0.07726158461320157,-0.0020187402698919714,-0.02676366634474653,0.009796162344493958,0.14375877528027295,0.09084113236987262,-0.02474222111705062,0.0352739583138462,-0.005745534222659822,-0.017780874117100068,1.0,-0.05713291078693999,0.0346617606980611,0.04460852579844025,0.015269422425545694,-0.05837207457760375,-0.03388786516624199,0.004959810571440385,-0.01283705943197441,0.06945566183815818,0.0366723198886478,-0.026038948443655438,-0.049104485080934505,0.024970511941292652,-0.02766071077929901,-0.0044358379457930175,-0.01365690563995113,-0.005300625397679986,-0.02977083381026172,0.04976253427190784,0.05793842495735068,-0.08018324098846842,0.030910408839859436,0.0016517976783261444,-0.009773938204048023,0.028811809311267256,-0.12364398287151629,-0.003492840564616824,-0.002934558213449299,0.02874190106241525,0.04452674329743219,-0.006041598832728267,-0.00027294552816651185,0.0013454908289918153,0.038093033136384076,0.0048303114276032205,0.027026767258507042,0.09285947966735304,-0.04542765789517591,0.028623993938825767
Give Lang HW,-0.062082194134420884,0.024854559595408162,0.07929393747413045,-0.0013216131997256485,-0.019671755772924692,0.026156639307230726,0.09314570481811367,0.03998988815585736,-0.06782097699204401,0.010642942641976669,-0.0894900482241553,-0.043923232002719845,0.025552061841721752,-0.03681991830127642,0.02500898728732798,0.018931524106548078,-0.046843422336526816,0.02199258106381015,0.0244716852512957,-0.0573252806051731,0.09595961246049062,0.08612557868134449,0.030888521180821527,-0.05713291078693999,1.0,0.3788842260483815,0.45304430605731105,0.5038193803522601,0.6480968745538058,0.29608516090120734,0.3285632485393163,0.3788349557872725,0.04775498860269473,-0.03501707834891175,-0.10585932559171696,0.019738645772417348,0.0265197329982964,0.041400346163213066,0.09210865481224002,-0.026198212759440006,-0.007313842916827829,0.11635271310379193,0.08935152789964729,0.06714785389466679,-0.08478666981900639,0.0806377715646217,0.10524178544895355,0.14659163249605234,0.06748559482960252,-0.018844891952866594,0.07955006722352992,0.09548736843904657,0.13767783187218274,0.11339474563788812,0.03800197830202219,0.09006302516112454,0.048121394586184744,0.05443513341108378,0.0432632125200999,0.05163851606453122,-0.11013082839041828,0.10581688987609236,-0.19994212856436716
Give Math HW,-0.09945331534094687,0.022867437584933512,0.02252562613607546,0.04144886477370741,0.05343839147052921,0.06073964354539614,0.07444835588290785,0.11036738658531917,0.06783307024622194,0.07922459178383137,0.025201856316975482,0.016562218454704642,-0.034869236147318884,0.045957028685540934,0.0659595749410989,0.09406460995004397,0.10382315438746283,0.08120917672719427,0.03054003316040623,0.010671664328318212,0.016716797941953573,0.14660179887727243,-0.004503637044085158,0.0346617606980611,0.3788842260483815,1.0,0.6618608385235373,0.6168072587286343,0.31111485504548,0.6988735472536968,0.5215389405343994,0.5309810583809279,0.0650090764561426,-0.03146912804891917,-0.09900834083168497,0.0471726712133398,0.03291160546514875,0.10076061021086226,0.1322542930589256,-0.07990740611347515,0.00043515296789298886,0.08183581889892767,0.12253724117473805,0.11478155763179589,-0.08547035491133906,0.0803361450572812,0.16175475495886715,0.1696951485515898,0.11534923247301493,-0.06229193256461699,0.1292936903162514,0.14112487350964342,0.17817909203392593,0.18392012349451722,0.0433471086226493,0.11231708353978921,0.11616117940976092,0.10255101844103359,0.10159530538552816,0.02981115893245584,0.05121733146995013,0.2564654983583615,-0.15061099567094355
Give Scie HW,-0.1304340129832413,0.05372975838373387,0.02170543806028017,0.03124166316352896,0.029851067048098485,0.04587764447796363,0.09072689465425712,0.10609153034128732,0.032225143239823596,0.07235019722674965,-0.0009780256928524139,0.01539053261970904,-0.010297542700966143,0.02693352755206019,0.09242259267922656,0.13149816301158887,0.07077678495175505,0.052481950823933685,-0.022534332192640075,-0.005535070590165599,-0.022444093496659885,0.11375613898065529,-0.009577591187750511,0.04460852579844025,0.45304430605731105,0.6618608385235373,1.0,0.7495496345053183,0.39428868415004753,0.5677220077288471,0.7503018523725713,0.6213293255081289,0.06962199099440457,-0.03302704924954464,-0.12079408495504869,0.02167140130173223,0.028440269225052408,0.13325829280587098,0.12218034974547061,-0.06736214950339074,0.04068322544638654,0.09597954392173257,0.09301074446804879,0.14806502942693428,-0.08631198840208887,0.10615529056311265,0.1327187485557289,0.14278074574426586,0.10114508405813573,-0.07355469727535512,0.116673654457872,0.10051811141004695,0.17710699509366093,0.17986202417430017,0.08331689216636327,0.10069072369270313,0.100715471255334,0.07662628441907637,0.13295911421229062,0.05153202645404697,0.052387562544183086,0.1890291163393626,-0.029009608997627195
Give SoSc HW,-0.13022231956569513,0.0027601759840283654,0.040245748430793475,0.06052065717047851,0.020666820743481387,0.10075340879914867,0.10744997494500232,0.10413685362600655,0.004721643472839002,0.0904909985467564,-0.05914860789746635,0.06212849403624673,-0.010327346167280996,0.02051101301586048,0.07688520831206788,0.1006216786239888,0.05353028151299962,0.031072661314560247,-0.011794985405881106,-0.028362427313741494,0.02768930832270268,0.12062915374116226,-0.029748093636293826,0.015269422425545694,0.5038193803522601,0.6168072587286343,0.7495496345053183,1.0,0.4136724304552644,0.5416782189850455,0.6313133610052465,0.7514654432880045,0.03340844167974292,-0.0969073514166794,-0.14193365176406278,0.02618318243477724,0.03599575137888688,0.10606036167377665,0.15061225976166123,-0.0711609217058724,0.052123233334216125,0.09831523987685128,0.11731530318984143,0.1518403760695255,-0.07443436262470911,0.1000486351331358,0.17679644431013236,0.1487436618917625,0.10919319934520533,-0.06720272339727074,0.14342300301790736,0.14182738722865765,0.18846298922850785,0.2111189348193888,0.08137284204558515,0.13598878977821197,0.14291175905584724,0.09970618068203327,0.1305528652921038,0.03120165830611646,0.002747079995699082,0.26539365851103996,-0.04815437668463837
Correct Lang HW,-0.10746845660493937,0.07584669885427081,0.03377689395404395,0.02710915565855037,0.03346816506647337,0.06141571582351173,0.07286621149534993,0.04709680692387386,-0.027625088878455207,0.025995972191079585,-0.09198215097221378,-0.04196456225540507,0.00977819808093763,-0.010327840535279898,0.052865018942832,0.05149732136868136,0.03712785629588245,0.06018732873859228,0.040326087694088165,-0.03257386948898964,0.08803399120878266,0.10546162506993369,0.03208892655840201,-0.05837207457760375,0.6480968745538058,0.31111485504548,0.39428868415004753,0.4136724304552644,1.0,0.552351995360709,0.5589370783507647,0.5712064759027606,0.08045407451126559,-0.008176505196220676,-0.05705099592600889,0.04081302193840731,0.0685335521977714,0.08446200483410275,0.13410923326550592,-0.039894808211794176,0.017237174769345633,0.1469774671955461,0.10036620889742577,0.12578728382587206,-0.06841724578028863,0.08178071355681617,0.11419160455890187,0.12824067245854712,0.06767117586438649,-0.04685414199261494,0.06245594040956454,0.09468776565714897,0.12052789096777755,0.09250618708717974,0.038482121449992954,0.09788316440421922,0.11214237633415515,0.07381165547568257,0.05532870154935132,0.03244365025370696,-0.013993888492215415,0.017078260042668908,-0.05146901957548622
Correct Math HW,-0.12787764143796868,0.03763407233543843,0.010356130305466461,0.030035032102134877,0.07483840786349588,0.0590080799152283,0.058407247070852854,0.11355977718078765,0.0535971470961161,0.07028493890908905,-0.0049092150514071205,0.022741010134728176,0.005191424183625991,0.031080978769451283,0.07162258688357181,0.10258551239101366,0.12253168046852483,0.11514492275409004,0.03993730379606596,-0.0005567599695165254,-0.0061133575422114865,0.13011414184940584,0.0033014219347762153,-0.03388786516624199,0.29608516090120734,0.6988735472536968,0.5677220077288471,0.5416782189850455,0.552351995360709,1.0,0.7440180073304762,0.7295030578569915,0.08462671052307932,0.02890953734260847,-0.08327219031711876,0.03655811374028157,0.031894996826072504,0.1257279001746228,0.14666998332989237,-0.05753923838334485,0.03143839799206033,0.12760490644900155,0.11891350779818143,0.10397729381073006,-0.07508835064075477,0.08693702892458985,0.17092345786628502,0.1611251882409713,0.09312289288473456,-0.0874162020883371,0.13193436367425546,0.10568780443779681,0.1666390992794138,0.14732854117049024,0.06826590903586606,0.10805455538765213,0.16121614195114053,0.10119210471664657,0.1032254599225894,0.010534896511909848,0.05314250618855717,0.16413619617925126,-0.1112856970174802
Correct Scie HW,-0.1413693592289628,0.04532924611426579,0.01110460191885059,0.036899342782011305,0.04674457361221368,0.029538337057763403,0.068131378665675,0.08473084834729258,0.02955253789231871,0.07180404608284653,-0.031920226902684014,-0.009400826463143892,0.014720603235737156,0.044537130583689126,0.06259647084791257,0.11037140793469166,0.12552753103093775,0.10753559799510694,0.010857951905269047,-0.0112878637997122,-0.028118463081223934,0.11794540767352908,0.009377999296359558,0.004959810571440385,0.3285632485393163,0.5215389405343994,0.7503018523725713,0.6313133610052465,0.5589370783507647,0.7440180073304762,1.0,0.7820401212613113,0.057745015165168445,0.011877833386498001,-0.10329522765546663,0.007434124352919971,0.03976772273242205,0.14999195807127721,0.13614242800850693,-0.0713904822151255,0.06278474496019124,0.12242918462359295,0.10400130053592076,0.1338752976507155,-0.06829366258452098,0.08919547646229675,0.13664841785097612,0.1273843838698705,0.07940687410849959,-0.07258234704843226,0.12799243124771512,0.07351733006698953,0.16868137591207047,0.13862149911465216,0.08369885869256147,0.11564451451616473,0.14830755814280705,0.09871489465984284,0.15589010472410544,0.01775104092464382,0.053359125201586075,0.12073991798012802,-0.054873167213020206
Correct SocS HW,-0.1555815277938477,0.024222714753088247,0.01758136444997582,0.0351549765361837,0.03627050062026284,0.10081031510415858,0.08103638436620246,0.09163082429670259,0.020967860066391942,0.08198960034503741,-0.07790316805030503,0.0500680636059148,0.023979139204717552,0.03379774675330141,0.057761490187628585,0.10084375493741751,0.08997345797538436,0.07633011034277556,-0.012862466593765165,-0.027907625561575937,0.020405622634038036,0.11036541839443159,-0.007884310685690739,-0.01283705943197441,0.3788349557872725,0.5309810583809279,0.6213293255081289,0.7514654432880045,0.5712064759027606,0.7295030578569915,0.7820401212613113,1.0,0.047541001354898096,-0.05392430752210821,-0.11943421820079375,0.04947326549081693,0.04618385845050668,0.12561407894135632,0.14361078038878405,-0.07084438796242706,0.0667294041498328,0.12678086703704194,0.13801665198763627,0.14136523034768175,-0.07195875245884521,0.09285744412868377,0.16896267351964217,0.12793608469770798,0.08684305823612902,-0.08283195194685532,0.11892653604357259,0.13410022282801243,0.16888242712589152,0.17193731143652613,0.07027323731248905,0.12828167977272675,0.1625047530142275,0.09734791963607041,0.1180117659769481,0.01243263761522357,0.025158909370321034,0.06920691752829823,-0.06535877120373984
Help in Study,0.01848566848755419,-0.010144321690560029,0.028360428762173897,-0.02422490674960199,0.06693373143909441,-0.04001491295831367,-0.042853191895527436,0.06443305646493841,0.1646293113267408,0.08161046572856435,0.0974435093763072,0.042674617067984644,0.046254356352813504,0.07414241263310045,0.08171116418631653,0.0608755050607079,0.17854806560768155,0.17632505536757498,0.15829895965847732,-0.01828737076105765,0.05126157071862047,0.08264875248462007,0.1049457667940475,0.06945566183815818,0.04775498860269473,0.0650090764561426,0.06962199099440457,0.03340844167974292,0.08045407451126559,0.08462671052307932,0.057745015165168445,0.047541001354898096,1.0,0.2200262051666276,0.0029496607387055774,0.050764412981390915,0.1066452519714601,0.07876866797891878,0.09867960052729356,-0.05698667333344899,0.08780118605939136,0.12497237725042061,0.13863356680659558,0.13332707792117118,0.006081731041553249,0.11773326702618207,0.12693592690397035,0.10917239827763618,0.0674695577851171,-0.01703858911367856,0.09215395549589474,0.06987787015656932,0.11570229856347478,0.13459190264023468,0.044986094049956654,0.16774273470042259,0.1254650832847731,0.10406363668469147,0.058009947442106365,0.008835305942148416,0.09111678145787812,0.06155241611085653,-0.12291979851704032
Private tuition,0.017547078532467095,-0.050675453458607446,-0.08335999405950112,-0.06266063923044957,0.09405292591664022,-0.1307213684899165,-0.07713852869759401,0.02642209671065325,0.10868735582532242,0.03549914448577609,0.16962829572115046,-0.06341052286586579,-0.0023372410439050054,0.0767482232271894,0.00312991208786376,0.020499278634508275,0.06097397434621769,0.10869270371601582,0.045986271192659356,0.030428349615173808,-0.08506775438575996,-0.06203058164716571,0.05276056202580951,0.0366723198886478,-0.03501707834891175,-0.03146912804891917,-0.03302704924954464,-0.0969073514166794,-0.008176505196220676,0.02890953734260847,0.011877833386498001,-0.05392430752210821,0.2200262051666276,1.0,0.14852707410766233,-0.02055262462853771,0.023614135337811495,0.023562808821060308,0.005035831663727478,0.017325999796171852,0.05576038664586408,-0.06572472553083372,0.02503791497623343,0.02423375335291005,0.03473546251358269,0.008570630757115002,0.007639248076023454,-0.018832497559510466,0.06705714378601749,-0.0036020628957049157,-0.05286292307979705,-0.0793337902524231,0.005421912168553015,0.009946000175193545,0.05134136495221997,0.03895321862120904,0.10895176586848739,-0.044513521886785486,0.011970618729146794,0.011813826815247539,0.09016562750697989,-0.09331902499911673,0.17283952595983937
English is difficult,0.08471364243566319,0.01292494700640356,-0.01834976342033041,0.010630093730555236,-0.007020293538082568,-0.10787387527332208,-0.02262187905330201,-0.02980535520811056,-0.06008389349493863,-0.05218054664566405,0.00984745988679128,-0.05498285514055916,0.0035937999162279593,-0.0898544504539873,-0.05096354611777846,-0.07795986909069463,-0.09840593313486318,-0.0024941724646088265,-0.10390475838929522,0.07388458263175703,-0.020506468847778105,-0.15868976739355473,-0.046172816057372924,-0.026038948443655438,-0.10585932559171696,-0.09900834083168497,-0.12079408495504869,-0.14193365176406278,-0.05705099592600889,-0.08327219031711876,-0.10329522765546663,-0.11943421820079375,0.0029496607387055774,0.14852707410766233,1.0,0.03888672418564106,0.025823595502963207,0.0162209416552445,0.036540528151170884,0.30776203063522356,-0.005995848540841044,-0.07280703426127046,-0.0454023773489296,-0.019888430483354945,0.2865838489376802,0.014047912598377364,-0.05379145893815424,-0.1024475995029689,-0.09565198327286797,0.2101513277095449,-0.07072193176190517,-0.06979253544101788,-0.14893972570863578,-0.08488702008895907,-0.016266972959738547,-0.10740230737819521,-0.06805522282615765,-0.07256308299087053,-0.008873250891584533,-0.0021727322981052893,-0.06314795369204025,-0.1799026939893794,0.09452823493777839
Read English,-0.046191950147255474,-0.031706148340337345,-0.092589103611998,0.003644845141126296,0.07619721451399043,-0.0017300850128410285,-0.11107080912900244,-0.02215671922694543,0.05605585260494955,0.0602812413526432,-0.0009764474301395484,0.05069954738326288,-0.027537929576363734,0.025149377417023607,0.13793122022225626,0.10446126507254695,0.05797251034987416,0.002715744865299454,0.03361650977779147,0.04479532169484679,0.04965813942915714,0.09046502554833383,0.057977965217030504,-0.049104485080934505,0.019738645772417348,0.0471726712133398,0.02167140130173223,0.02618318243477724,0.04081302193840731,0.03655811374028157,0.007434124352919971,0.04947326549081693,0.050764412981390915,-0.02055262462853771,0.03888672418564106,1.0,0.2407347171623799,0.3702006615826041,0.3367896501318035,0.011135889801948433,0.26806186495316436,0.23005535909817876,0.299424277342972,0.2450047520290264,0.0730525344400931,0.20421048769546174,0.22468549735844753,0.16815935615085845,0.1507470875966248,0.07257050885845542,0.17006840412532362,0.0976206090846196,0.13672991323279157,0.13741697928453148,-0.016886591491819744,0.1077786246330133,0.038638642823220215,0.09415453502271065,0.02659030777323729,0.00016514912169146315,0.13421730377793636,0.03172616873097623,-0.052822030105560004
Dictionary to learn,-0.07850543337646212,0.05156853534869346,-0.026468102860479684,0.028085891884086733,0.04690741435087725,0.09702798709792007,-0.01738862852943488,-0.001144455609316721,0.14610652687813208,0.08782366519271254,0.040555926871244305,0.054747483713887185,-0.04275386498392941,0.035706770215921425,0.026307637424927244,0.031136221111229878,0.23820487961588657,0.1667725911599462,0.140363327121137,0.010097378742528767,-0.06458155022199275,0.05308360137710194,0.03847450697552329,0.024970511941292652,0.0265197329982964,0.03291160546514875,0.028440269225052408,0.03599575137888688,0.0685335521977714,0.031894996826072504,0.03976772273242205,0.04618385845050668,0.1066452519714601,0.023614135337811495,0.025823595502963207,0.2407347171623799,1.0,0.43202790425144405,0.3183583904380731,-0.022883838224006203,0.20791435040218512,0.29936271162988476,0.28259783224157137,0.2897859962444956,0.08286004653296272,0.19069320965448475,0.26755938988525935,0.2766401223122864,0.2746667453258203,-0.015278785280774178,0.1498198264842797,0.12177346502422366,0.20833013741720377,0.19896980548688245,0.014952240001246132,0.22504293328118344,0.144599545944573,0.17178513805545698,0.1718546048574411,-0.00020241446448025964,0.09282825983271757,0.25763710906440307,0.08806989716808926
Answer English WB,-0.05825625012489801,0.020494622465516126,-0.02851267509696427,0.004131175394687844,0.050304274468407566,0.06129266107815898,-0.061950476841383315,0.0095281529152411,0.09894958972526108,0.08137442788910719,-0.0025297049656896027,0.05479297712329279,-0.036658702245140305,0.06259400847662604,0.10676247208993865,0.1106766947309251,0.16224015079667217,0.07869598633984093,0.1042992058883566,0.028932606466677394,0.008592585954701417,0.08865279828272753,0.09138637713730337,-0.02766071077929901,0.041400346163213066,0.10076061021086226,0.13325829280587098,0.10606036167377665,0.08446200483410275,0.1257279001746228,0.14999195807127721,0.12561407894135632,0.07876866797891878,0.023562808821060308,0.0162209416552445,0.3702006615826041,0.43202790425144405,1.0,0.5112944925354393,-0.0009844871152338993,0.24589934520522758,0.380416017810768,0.4393552657140919,0.3746002727094994,0.08235013205284719,0.2949202039070732,0.36848455630903454,0.32455715726081147,0.3561140056033932,-0.03702704898342865,0.23070844812670072,0.1374361678291022,0.2516540118436546,0.27886674003369055,0.010682473443131031,0.17979978105472616,0.14123342677276063,0.17995659070997116,0.1548736004410592,-0.014170689176169479,0.11215994798104194,0.16356163794857065,0.10333981926979294
Answer English aloud,-0.03863075434508373,-0.028473316374640255,0.0040017971257388495,-0.032488618695236136,0.019039959904939816,0.07830897260076754,0.0037848166730424094,0.01607210778882483,0.030793799390962325,0.08829790204855521,-0.04091226956763874,0.07428582364754904,-0.007264949138707852,0.042688538324824346,0.0940762372706437,0.0925476212430124,0.08008758237964785,0.04710795541756653,0.044540805164928504,-0.006785146859349617,0.020076139039376443,0.05394739562378849,0.06727965629480595,-0.0044358379457930175,0.09210865481224002,0.1322542930589256,0.12218034974547061,0.15061225976166123,0.13410923326550592,0.14666998332989237,0.13614242800850693,0.14361078038878405,0.09867960052729356,0.005035831663727478,0.036540528151170884,0.3367896501318035,0.3183583904380731,0.5112944925354393,1.0,0.026226621657390724,0.26049094944026974,0.34469073474413886,0.37895836865991256,0.3611261923721554,0.03902099471034997,0.27361135663903946,0.30638930138113407,0.2831645411389569,0.23216710128758006,0.016665624610859665,0.22265969357363072,0.14216001807044684,0.1784417084521918,0.20895165482751546,0.039509671751453326,0.1345856748048064,0.13439386859898336,0.1338162459934854,0.12952067487183885,-0.024665933135136275,0.047990249741084075,0.14524026388990682,0.10921913462869279
Maths is difficult,0.06013492573792916,-0.022288154759136133,0.02422989373411474,0.020247609996173605,-0.10963488011592604,-0.021607735857114747,0.04317958550527346,-0.034390416293577614,-0.13089201933824024,-0.08170895783425836,-0.012134664890570836,-0.021691023254207544,0.0366700640614074,-0.0950008360218421,-0.05362591877908814,-0.09553692751516281,-0.1245333009004205,-0.012592567734329289,-0.05912560426773813,-0.013184330348225283,0.014234911079816797,-0.11720546447728035,-0.05605105877829764,-0.01365690563995113,-0.026198212759440006,-0.07990740611347515,-0.06736214950339074,-0.0711609217058724,-0.039894808211794176,-0.05753923838334485,-0.0713904822151255,-0.07084438796242706,-0.05698667333344899,0.017325999796171852,0.30776203063522356,0.011135889801948433,-0.022883838224006203,-0.0009844871152338993,0.026226621657390724,1.0,-0.04996911182316308,-0.005758078205988722,-0.041034271638443975,-0.06951108838423596,0.2487431237589796,0.07690781318648772,0.023688880932565656,-0.004844098321167372,-0.012222503590846132,0.2922702211226679,-0.006044274644839108,-0.015772847858556746,-0.13150743575991397,-0.05653709629216975,0.018003518322399673,-0.0713845650970537,-0.06918836365625984,0.003507281786028114,0.04485534530421724,-0.023937835779195442,-0.07087801123196355,-0.061588031704546804,-0.13931377304605078
Solve Maths,0.03824435832403372,0.034971502480656336,-0.06088001813659222,-0.006488097667791197,0.019581740910617162,0.018899326905114464,-0.06654587834511742,0.023659441556306705,0.058240770322706074,0.08021763490945964,0.019360521447136285,0.027964362467005118,-0.021445865517614005,0.07693520761614323,0.10875079002014336,0.11287048539075706,0.04841705540566631,0.12832257381138965,0.09681404857232291,0.0023719913810277653,0.039250027459156435,0.01910646680204696,0.03824718514774401,-0.005300625397679986,-0.007313842916827829,0.00043515296789298886,0.04068322544638654,0.052123233334216125,0.017237174769345633,0.03143839799206033,0.06278474496019124,0.0667294041498328,0.08780118605939136,0.05576038664586408,-0.005995848540841044,0.26806186495316436,0.20791435040218512,0.24589934520522758,0.26049094944026974,-0.04996911182316308,1.0,0.277253976972301,0.41147347850862115,0.391252653364161,0.07217406140694661,0.19314750308165923,0.2401993510051798,0.18705712105937192,0.2059260468094894,-0.0343541463216704,0.19145117137005604,0.14095495934874097,0.15586288269785994,0.21706035549373243,0.06410180754223369,0.19561455194130858,0.15128143212082365,0.0661645482940372,0.052902580727915385,0.036739425513791404,0.0620760118392856,-0.0019331212458100775,0.10845693590868044
Solve Maths in groups,-0.12793342676278396,0.01690790587437547,-0.031265965703178265,0.0104433578734956,-0.026318773360929592,0.1286136803212768,0.05735297492545178,0.03789156985088695,0.03647452564132814,0.08091780593541566,-0.007138051767369309,0.0958029693218117,-0.019847026834356043,0.06696277985765922,0.10146281217904103,0.07908566639075591,0.07743088562641057,0.08660597810767551,0.1275484860347916,-0.016962906036143085,0.04091001640034386,0.12159532596275537,-0.015230799736411641,-0.02977083381026172,0.11635271310379193,0.08183581889892767,0.09597954392173257,0.09831523987685128,0.1469774671955461,0.12760490644900155,0.12242918462359295,0.12678086703704194,0.12497237725042061,-0.06572472553083372,-0.07280703426127046,0.23005535909817876,0.29936271162988476,0.380416017810768,0.34469073474413886,-0.005758078205988722,0.277253976972301,1.0,0.45877895519150164,0.42117141912421485,0.01748469986231359,0.28806911537569624,0.3427016775638827,0.428086040701487,0.3484061687746363,-0.06204211467545783,0.2602905679139556,0.22052724775446386,0.3619049713657791,0.2505295166274415,0.03182426554638277,0.18702308061123163,0.1519037861730004,0.12619692616086103,0.07304148398537265,-0.043703571963111566,0.03765477412279857,0.016214069604712226,0.07670603626217959
Draw geometry,-0.06721146863862928,0.0071696604056358465,-0.022658020780388713,-0.010642943927106735,-0.0104521184781089,0.08844623544565593,-0.04867266691303782,0.008153483100036775,0.09808156539936008,0.11565820360433109,0.09054788189721791,0.0746323940006651,-0.008314148333839932,0.13548585909360006,0.12162441386052855,0.1244269426743101,0.1266581161166129,0.13302381951507264,0.19478860115722965,0.02228865035554635,0.07073332181166281,0.09655273577002095,-0.01172981123864915,0.04976253427190784,0.08935152789964729,0.12253724117473805,0.09301074446804879,0.11731530318984143,0.10036620889742577,0.11891350779818143,0.10400130053592076,0.13801665198763627,0.13863356680659558,0.02503791497623343,-0.0454023773489296,0.299424277342972,0.28259783224157137,0.4393552657140919,0.37895836865991256,-0.041034271638443975,0.41147347850862115,0.45877895519150164,1.0,0.5575009778222039,0.04542556898582248,0.3593911198925753,0.39156510098471486,0.39376881135519093,0.3889513397085311,-0.05905776383314391,0.2751170027235832,0.23559803663697093,0.33330682301685927,0.31990905184420154,0.09231144963894884,0.257621038489124,0.14172728513947802,0.15064541845587195,0.11269102766882219,0.021458594295160022,0.08656029049313084,0.08464244413443005,0.08474830290257604
Explain answers,-0.08242242907169155,0.052957296237384724,-0.047358805280003156,-0.004384118455471369,0.019932231756906414,0.1085929248989356,-0.028496101071198484,0.039015972054350395,0.12477180521315694,0.11721356658375277,0.05339434745152513,0.03535914240413514,-0.04087187428936581,0.1267311176027157,0.13962537944896627,0.14946507699038009,0.12915187413943766,0.11274429733403667,0.18443121705045695,0.04264556818997114,0.09058485414404956,0.0848006652145454,0.009440266193810984,0.05793842495735068,0.06714785389466679,0.11478155763179589,0.14806502942693428,0.1518403760695255,0.12578728382587206,0.10397729381073006,0.1338752976507155,0.14136523034768175,0.13332707792117118,0.02423375335291005,-0.019888430483354945,0.2450047520290264,0.2897859962444956,0.3746002727094994,0.3611261923721554,-0.06951108838423596,0.391252653364161,0.42117141912421485,0.5575009778222039,1.0,0.06886933518043906,0.32643477569983664,0.3581666359055518,0.34460710710162057,0.3911909077919504,-0.05924422251023938,0.2385071026151138,0.21375688355402486,0.34570567345505954,0.34092765371759065,0.05966273149352514,0.2738483642572552,0.1712601618891766,0.17454382323428386,0.11573300964104444,0.04923810336487848,0.05329545625875988,0.13888667010702418,0.020939606425386222
SocSci is difficult,-0.014029022198139264,-0.03048270092574393,-0.040542162412911704,0.021079692562234433,0.01736604539662273,0.0609291805009151,-0.03372472965288181,-0.01142988215777955,-0.021780716779265526,0.009880707801597902,0.030694241799117138,-0.0002515149180031587,-0.008676062762848932,-0.048918082126013555,-0.016390876447020405,-0.04420933176160158,0.008202553217976258,-0.0016697260497804654,-0.0055961429314344046,0.0625592876786199,-0.045774439181106984,-0.09624031700853194,-0.005437390157048764,-0.08018324098846842,-0.08478666981900639,-0.08547035491133906,-0.08631198840208887,-0.07443436262470911,-0.06841724578028863,-0.07508835064075477,-0.06829366258452098,-0.07195875245884521,0.006081731041553249,0.03473546251358269,0.2865838489376802,0.0730525344400931,0.08286004653296272,0.08235013205284719,0.03902099471034997,0.2487431237589796,0.07217406140694661,0.01748469986231359,0.04542556898582248,0.06886933518043906,1.0,0.05845395679119236,0.054585239997586306,0.006182015988010953,0.01933185567590359,0.3906875140579673,-0.04539128949509689,-0.037389103694462154,-0.0743063027901776,-0.03871266478634173,0.023237308113937014,-0.04470538685965024,-0.038089069245549695,0.0013388968731537618,0.07269716227998527,-0.013088314322106385,0.013149939281309208,-0.0067247859412920725,0.1311709182970783
Historical excursions,0.01762796285694228,-0.0034110413435729367,-0.04699406963293184,0.012518970031851722,0.055701424879164955,0.07380265812075665,0.019199685883227964,0.01870487992139432,0.0918228552307659,0.06514794736180995,0.07161170748682429,0.0008673606909638615,-0.019389726658124818,0.07567878517670623,0.09883230041142096,0.08246446936264049,0.0863603284581173,0.06401803107970556,0.08686575029512297,0.006130470812850882,0.01796734180144549,-0.012748773938904967,0.020500498252545123,0.030910408839859436,0.0806377715646217,0.0803361450572812,0.10615529056311265,0.1000486351331358,0.08178071355681617,0.08693702892458985,0.08919547646229675,0.09285744412868377,0.11773326702618207,0.008570630757115002,0.014047912598377364,0.20421048769546174,0.19069320965448475,0.2949202039070732,0.27361135663903946,0.07690781318648772,0.19314750308165923,0.28806911537569624,0.3593911198925753,0.32643477569983664,0.05845395679119236,1.0,0.5519629035372507,0.4254952644078762,0.3986392489578201,0.03460597517386099,0.32420546183312515,0.19735103039990298,0.2570392376362841,0.31836378075507804,0.0943734019643443,0.1612622276114138,0.08313545691095132,0.2270088957280591,0.15590483934462057,0.10293048045450486,0.057876790023684545,0.17268980379022345,-0.03695569875955457
Participate in SocSci,-0.03514329979885655,-0.056180301470357116,-0.030080017268208747,0.005129017383521355,0.05062641490915047,0.05850389774081381,-0.04710095157168519,0.02813718391404304,0.08463204871704312,0.09335508892991935,0.026643982902859086,0.06551870198674886,-0.02699411507203933,0.08535160351139055,0.08150943761280816,0.05774216339374337,0.09988869931005348,0.07589658491330853,0.09205142634203965,-0.02608563960569591,0.01993441903758462,0.08134695973381159,0.02688789520399144,0.0016517976783261444,0.10524178544895355,0.16175475495886715,0.1327187485557289,0.17679644431013236,0.11419160455890187,0.17092345786628502,0.13664841785097612,0.16896267351964217,0.12693592690397035,0.007639248076023454,-0.05379145893815424,0.22468549735844753,0.26755938988525935,0.36848455630903454,0.30638930138113407,0.023688880932565656,0.2401993510051798,0.3427016775638827,0.39156510098471486,0.3581666359055518,0.054585239997586306,0.5519629035372507,1.0,0.5380154698146934,0.5394426268046483,0.04059267587383104,0.41321807985049713,0.2912792125672103,0.42177062752428374,0.43855829090044884,0.10792177174733696,0.2133952481737241,0.17836283472122968,0.3333486932612749,0.22137957890790036,0.06658098987154754,0.06392793117910608,0.15581902890571014,0.062083462331911546
Small groups in SocSci,-0.11251566296631864,0.011681440472798517,0.003982253923235766,0.012313452054892917,-0.0077590857150538605,0.041435477230487315,0.013363646027489693,0.051871701929612594,0.03870218826540491,0.0806462205641392,0.003602928156825102,0.08595521425391113,-0.027202987189638712,0.07736556396699579,0.0880726939789146,0.07003836337487454,0.059077006538075454,0.06721294607092175,0.09759272568980963,-0.016752069967577173,-0.016846024941064568,0.10611730015071387,0.0016367790522378721,-0.009773938204048023,0.14659163249605234,0.1696951485515898,0.14278074574426586,0.1487436618917625,0.12824067245854712,0.1611251882409713,0.1273843838698705,0.12793608469770798,0.10917239827763618,-0.018832497559510466,-0.1024475995029689,0.16815935615085845,0.2766401223122864,0.32455715726081147,0.2831645411389569,-0.004844098321167372,0.18705712105937192,0.428086040701487,0.39376881135519093,0.34460710710162057,0.006182015988010953,0.4254952644078762,0.5380154698146934,1.0,0.5911086120121184,-0.007170581826125524,0.3354516799847566,0.33436761135560494,0.555742975360383,0.44353752706269367,0.055841471556106526,0.1992256522800585,0.19240014872092925,0.25872416633152406,0.17760917607678414,0.019293223314538876,-0.021849006913064527,-0.019530693129652187,-0.05029831856677317
Express SocSci views,-0.0999064844392353,0.012439177919932508,-0.02258595761054344,-0.04579968063315395,0.02476525650820913,0.06266562322411914,-0.022061016287703593,0.0631450802294839,0.07636993658125492,0.06211748087562891,0.047652569461137426,0.05197797561970523,-0.05682964414237654,0.09574743292522589,0.07739415276352139,0.06586381847719215,0.09317706548904851,0.06538512881789967,0.11006519028329019,-0.00734045148313063,-0.07020945898482049,0.05002830598673527,0.014723666630526221,0.028811809311267256,0.06748559482960252,0.11534923247301493,0.10114508405813573,0.10919319934520533,0.06767117586438649,0.09312289288473456,0.07940687410849959,0.08684305823612902,0.0674695577851171,0.06705714378601749,-0.09565198327286797,0.1507470875966248,0.2746667453258203,0.3561140056033932,0.23216710128758006,-0.012222503590846132,0.2059260468094894,0.3484061687746363,0.3889513397085311,0.3911909077919504,0.01933185567590359,0.3986392489578201,0.5394426268046483,0.5911086120121184,1.0,-0.03745434264118092,0.3618111300556526,0.30298663743004045,0.4434123335131492,0.5070024643791469,0.05155220184709462,0.2097243169580389,0.173907457195652,0.24428947911381155,0.20005213578118455,0.030477598752374428,0.010522387351105384,-0.013590850567130334,0.04491279925889027
Science is difficult,-0.023593619426886356,-0.055713113802303364,0.027267674241801702,0.054523325018051,-0.022114932065913775,-0.02529833122732613,0.07308685934890263,-0.08902410448513412,-0.07089658354352193,-0.07620476671888256,-0.047303695442118106,-0.005084908847614144,0.033219320988537415,-0.1130656995464736,-0.05814145275345922,-0.09449026826902689,-0.062170214460952375,-0.14422767525286692,-0.09214013800975747,-0.03553912867853802,-0.0509005637362992,-0.06471576294338341,-0.0024528224569873814,-0.12364398287151629,-0.018844891952866594,-0.06229193256461699,-0.07355469727535512,-0.06720272339727074,-0.04685414199261494,-0.0874162020883371,-0.07258234704843226,-0.08283195194685532,-0.01703858911367856,-0.0036020628957049157,0.2101513277095449,0.07257050885845542,-0.015278785280774178,-0.03702704898342865,0.016665624610859665,0.2922702211226679,-0.0343541463216704,-0.06204211467545783,-0.05905776383314391,-0.05924422251023938,0.3906875140579673,0.03460597517386099,0.04059267587383104,-0.007170581826125524,-0.03745434264118092,1.0,0.0005332379280002178,0.08417064484464505,-0.031143706675754338,-0.041170302886437714,-0.034187010950650486,-0.019328098623574985,-0.05565176468383666,0.04426205585564154,0.12612627915631391,0.018511754320591947,-0.09843318887103909,-0.05623811913464942,-0.1266833134205757
Observe experiments,-0.06371249510362781,-0.1200880546708538,0.009361098655053053,0.027444413788414286,-0.004168602070957878,0.11366488840462717,-0.0008822311126022782,0.008162660699527724,0.026026591519459442,0.10955958351604053,-0.012739624679327235,0.08163273183693696,-0.004274363447860833,0.02798330447085495,0.025884483233467592,0.034411622768763146,0.12119622026822682,0.1081773195929572,0.027150204906498412,-0.07507577427830957,0.09067534636692548,0.07924607314645789,0.0031935680730920445,-0.003492840564616824,0.07955006722352992,0.1292936903162514,0.116673654457872,0.14342300301790736,0.06245594040956454,0.13193436367425546,0.12799243124771512,0.11892653604357259,0.09215395549589474,-0.05286292307979705,-0.07072193176190517,0.17006840412532362,0.1498198264842797,0.23070844812670072,0.22265969357363072,-0.006044274644839108,0.19145117137005604,0.2602905679139556,0.2751170027235832,0.2385071026151138,-0.04539128949509689,0.32420546183312515,0.41321807985049713,0.3354516799847566,0.3618111300556526,0.0005332379280002178,1.0,0.39891973677472153,0.4155015968593285,0.39811869460867166,0.10132433981563123,0.19623314249803148,0.15336943154910584,0.19450283313931502,0.178141428198929,0.01651194020751593,0.022952983203312873,0.14551529850050113,0.0967707076043543
Conduct experiments,-0.10737778787436394,-0.04627921836912198,0.020653963163202397,0.027799611915790612,-0.03457639881509478,0.11056343206154734,-0.009508692640864697,0.002643576651338561,-0.015767738648929077,0.03179134397564208,-0.046686068188628936,0.051558711960478676,0.015087625194802484,0.05649462760322284,0.07109983347690008,0.06709682359699883,0.01956365360966119,0.03369895671075149,0.08442022893587987,-0.03820573989790758,0.17600160352785924,0.13106875784302874,-0.04005368226895632,-0.002934558213449299,0.09548736843904657,0.14112487350964342,0.10051811141004695,0.14182738722865765,0.09468776565714897,0.10568780443779681,0.07351733006698953,0.13410022282801243,0.06987787015656932,-0.0793337902524231,-0.06979253544101788,0.0976206090846196,0.12177346502422366,0.1374361678291022,0.14216001807044684,-0.015772847858556746,0.14095495934874097,0.22052724775446386,0.23559803663697093,0.21375688355402486,-0.037389103694462154,0.19735103039990298,0.2912792125672103,0.33436761135560494,0.30298663743004045,0.08417064484464505,0.39891973677472153,1.0,0.3679421797598233,0.4201967853682756,0.04472138408943996,0.1719133050841281,0.1304831650567036,0.18083117973059007,0.14419344900404205,0.02413538899203786,-0.005387251336951821,0.08356368877189141,-0.17611095091113527
Solve science problems,-0.10002172381877143,-0.027155923825608327,-0.015803193905433603,0.021336474095422442,0.015711103018509826,0.07275346860747908,-0.024100327445025622,0.06220445311236156,0.06708269763242042,0.09389471814503819,0.013436147007868786,0.05565039681801647,-0.050810834404828954,0.08240081687950553,0.09439408945377593,0.0998573003633879,0.08861421697280171,0.0463602742691048,0.05139164481536993,-0.032436169095265754,0.038237154021098646,0.14961796846156486,0.006226780452903615,0.02874190106241525,0.13767783187218274,0.17817909203392593,0.17710699509366093,0.18846298922850785,0.12052789096777755,0.1666390992794138,0.16868137591207047,0.16888242712589152,0.11570229856347478,0.005421912168553015,-0.14893972570863578,0.13672991323279157,0.20833013741720377,0.2516540118436546,0.1784417084521918,-0.13150743575991397,0.15586288269785994,0.3619049713657791,0.33330682301685927,0.34570567345505954,-0.0743063027901776,0.2570392376362841,0.42177062752428374,0.555742975360383,0.4434123335131492,-0.031143706675754338,0.4155015968593285,0.3679421797598233,1.0,0.5579701397873175,0.11110811801220176,0.25403436038764754,0.24665897149751614,0.2738893895052523,0.16494686260610783,0.05615262701261705,0.02192481303297489,-0.04780254526416657,-0.011778266894814066
Express science views,-0.06998500655717539,-0.003913745062675965,-0.033509291139718136,0.01417287824393645,0.008087649544771081,0.06925049364234723,-0.0656170019711241,0.07278002496932631,0.10574441838907847,0.10006428475366787,0.0676344414083978,0.043525977125516174,-0.047486564602215425,0.12265676310146033,0.11446767894800432,0.11372412150004006,0.11910866825869962,0.07867240123352914,0.1157538633879054,0.006300701180760385,0.01864634255628486,0.08198686275318855,0.02436247844498185,0.04452674329743219,0.11339474563788812,0.18392012349451722,0.17986202417430017,0.2111189348193888,0.09250618708717974,0.14732854117049024,0.13862149911465216,0.17193731143652613,0.13459190264023468,0.009946000175193545,-0.08488702008895907,0.13741697928453148,0.19896980548688245,0.27886674003369055,0.20895165482751546,-0.05653709629216975,0.21706035549373243,0.2505295166274415,0.31990905184420154,0.34092765371759065,-0.03871266478634173,0.31836378075507804,0.43855829090044884,0.44353752706269367,0.5070024643791469,-0.041170302886437714,0.39811869460867166,0.4201967853682756,0.5579701397873175,1.0,0.11090647657097832,0.23367525335393863,0.2081619599994769,0.2636802433050203,0.2026099291847526,0.047957601523176734,0.05884213555934611,0.0705821485043824,-0.00909652506932995
Watch TV,0.06999630707190567,-0.13758026185021252,-0.023700050769574443,0.03140144410581996,-0.011516930395016224,-0.03761055979229526,-0.1673783955223073,0.06372400654079301,0.0727837629431987,0.13452589310676102,0.056233693337095436,0.03769281358726948,-0.02575702785297032,0.12007581848209632,0.03521048693893055,0.0274206282759938,0.05307589322802156,0.12168759825600177,0.09453095029987997,0.04190907906734123,0.18743657942151193,0.05058469088244778,-0.010555575097974324,-0.006041598832728267,0.03800197830202219,0.0433471086226493,0.08331689216636327,0.08137284204558515,0.038482121449992954,0.06826590903586606,0.08369885869256147,0.07027323731248905,0.044986094049956654,0.05134136495221997,-0.016266972959738547,-0.016886591491819744,0.014952240001246132,0.010682473443131031,0.039509671751453326,0.018003518322399673,0.06410180754223369,0.03182426554638277,0.09231144963894884,0.05966273149352514,0.023237308113937014,0.0943734019643443,0.10792177174733696,0.055841471556106526,0.05155220184709462,-0.034187010950650486,0.10132433981563123,0.04472138408943996,0.11110811801220176,0.11090647657097832,1.0,0.20383469069205978,0.18220898875521147,0.17402943357869227,0.14015440076956465,0.027201779815308826,0.04111294220666034,0.06512158075037416,-0.20152776971885794
Read magazine,-0.08277059481733183,0.008802649381811106,-0.023135525825368448,-0.020443643335022764,0.018554104216290754,0.062431883914939326,-0.04566351010355305,0.0780298431042212,0.18067511425991042,0.17431964232422711,0.11804559307012139,0.06891195392893079,-0.049244619490228445,0.15614149639855332,0.15349909376778864,0.11986605166362892,0.2121033009899718,0.2227647566451151,0.24114456469776085,-0.031156878359657664,0.1428746591959643,0.1987276308148627,0.05878050907273396,-0.00027294552816651185,0.09006302516112454,0.11231708353978921,0.10069072369270313,0.13598878977821197,0.09788316440421922,0.10805455538765213,0.11564451451616473,0.12828167977272675,0.16774273470042259,0.03895321862120904,-0.10740230737819521,0.1077786246330133,0.22504293328118344,0.17979978105472616,0.1345856748048064,-0.0713845650970537,0.19561455194130858,0.18702308061123163,0.257621038489124,0.2738483642572552,-0.04470538685965024,0.1612622276114138,0.2133952481737241,0.1992256522800585,0.2097243169580389,-0.019328098623574985,0.19623314249803148,0.1719133050841281,0.25403436038764754,0.23367525335393863,0.20383469069205978,1.0,0.41228401646432733,0.20155367653876555,0.1094382459444007,0.027520176699024564,0.04544159537594766,0.1673055834585152,-0.17665482631244142
Read a book,-0.030521789444805023,-0.0016344361577561035,0.021803993452118357,-0.02398366454058961,0.016206403264930933,0.034482062507065904,-0.027357521039189554,0.06551387131366247,0.11732695452495066,0.036397100073397956,0.04225453586614088,0.043611582411961676,-0.011467095948849185,0.11063711972537772,0.10809555644825211,0.13358996916533744,0.15326802801381859,0.1449438555003603,0.1599401885623325,-0.006220902772189864,0.09804445981258138,0.17208460976261936,0.05859109111791113,0.0013454908289918153,0.048121394586184744,0.11616117940976092,0.100715471255334,0.14291175905584724,0.11214237633415515,0.16121614195114053,0.14830755814280705,0.1625047530142275,0.1254650832847731,0.10895176586848739,-0.06805522282615765,0.038638642823220215,0.144599545944573,0.14123342677276063,0.13439386859898336,-0.06918836365625984,0.15128143212082365,0.1519037861730004,0.14172728513947802,0.1712601618891766,-0.038089069245549695,0.08313545691095132,0.17836283472122968,0.19240014872092925,0.173907457195652,-0.05565176468383666,0.15336943154910584,0.1304831650567036,0.24665897149751614,0.2081619599994769,0.18220898875521147,0.41228401646432733,1.0,0.20984460428396662,0.0912523329542821,0.023446145441023872,0.039180947264540175,0.06509688837662854,-0.15072365766528356
Play games,0.021927431559068036,-0.02905306140998093,-0.08548236587606148,0.02463018599101827,0.055990426047137345,0.018817104234522333,-0.0592117414380402,0.045627944594347804,0.04991674351305377,0.015002461551265356,-0.013059972274549483,0.07152243455115907,0.05905335264237533,0.0702452830781331,0.004239906653378579,0.02536354529220442,0.06204631149948534,0.0319013650277343,0.02643191391786271,0.025060234895348643,-0.015567907538423631,0.07986908137411015,0.044100105637107284,0.038093033136384076,0.05443513341108378,0.10255101844103359,0.07662628441907637,0.09970618068203327,0.07381165547568257,0.10119210471664657,0.09871489465984284,0.09734791963607041,0.10406363668469147,-0.044513521886785486,-0.07256308299087053,0.09415453502271065,0.17178513805545698,0.17995659070997116,0.1338162459934854,0.003507281786028114,0.0661645482940372,0.12619692616086103,0.15064541845587195,0.17454382323428386,0.0013388968731537618,0.2270088957280591,0.3333486932612749,0.25872416633152406,0.24428947911381155,0.04426205585564154,0.19450283313931502,0.18083117973059007,0.2738893895052523,0.2636802433050203,0.17402943357869227,0.20155367653876555,0.20984460428396662,1.0,0.29237549574607286,0.022836779580130202,0.005593420268839727,-0.0029315391285369904,-0.09895527935274256
Help in household,-0.10337594367389902,-0.030264836852220048,-0.013370139932525045,0.10443532378358286,0.039888483080842876,0.08369605880000447,0.09209716925050959,-0.0015515050590289743,0.02644320752878794,0.04904812512663888,0.003954379719102269,0.024460763040070072,0.07256251978970854,0.010733813913381435,-0.028728124517076604,-0.005447308126992608,0.03499227200153194,0.05562829493695239,0.04910644275892581,-0.06303481769817296,-0.10835780924315552,0.003348625671047121,0.04565690484979532,0.0048303114276032205,0.0432632125200999,0.10159530538552816,0.13295911421229062,0.1305528652921038,0.05532870154935132,0.1032254599225894,0.15589010472410544,0.1180117659769481,0.058009947442106365,0.011970618729146794,-0.008873250891584533,0.02659030777323729,0.1718546048574411,0.1548736004410592,0.12952067487183885,0.04485534530421724,0.052902580727915385,0.07304148398537265,0.11269102766882219,0.11573300964104444,0.07269716227998527,0.15590483934462057,0.22137957890790036,0.17760917607678414,0.20005213578118455,0.12612627915631391,0.178141428198929,0.14419344900404205,0.16494686260610783,0.2026099291847526,0.14015440076956465,0.1094382459444007,0.0912523329542821,0.29237549574607286,1.0,0.008467416087538013,0.004431160119543728,0.2228051153170158,0.2701451441688582
Maths %,0.03032483521382704,0.020240174462030663,-0.058486582873617056,0.04511877162035668,0.06822928939666471,-0.011779561965958567,-0.005691880645604226,0.009637453245647845,0.013449792350286335,0.033872213578663636,0.04550913486336978,-0.03371626657896988,-0.01688466422781561,0.02119464087352063,0.03700588231413642,0.008490257567485062,-0.014803086178980763,0.04010873909848943,0.028888543604124,0.026958073806159583,0.00284503315410645,-0.033881870264952554,-0.03609983680239566,0.027026767258507042,0.05163851606453122,0.02981115893245584,0.05153202645404697,0.03120165830611646,0.03244365025370696,0.010534896511909848,0.01775104092464382,0.01243263761522357,0.008835305942148416,0.011813826815247539,-0.0021727322981052893,0.00016514912169146315,-0.00020241446448025964,-0.014170689176169479,-0.024665933135136275,-0.023937835779195442,0.036739425513791404,-0.043703571963111566,0.021458594295160022,0.04923810336487848,-0.013088314322106385,0.10293048045450486,0.06658098987154754,0.019293223314538876,0.030477598752374428,0.018511754320591947,0.01651194020751593,0.02413538899203786,0.05615262701261705,0.047957601523176734,0.027201779815308826,0.027520176699024564,0.023446145441023872,0.022836779580130202,0.008467416087538013,1.0,0.05510945091503341,0.17782329635806216,0.03293706825312626
Reading %,0.020312652797654183,-0.03518685995547081,-0.024390001844959538,0.031639903914327,0.10398932285962002,0.008359825236874334,-0.16542785640659002,-0.03699053187640287,0.19431208846150455,0.13026186116254285,0.16277386518768364,0.034975205060629865,-0.06975516736387191,0.14677229632712094,0.13598778501305547,0.13047495614198992,0.24956628546224846,0.12133521883303007,0.1637090934103547,0.13449352166558945,-0.028339333874716644,0.03902590916416509,0.06977651558251359,0.09285947966735304,-0.11013082839041828,0.05121733146995013,0.052387562544183086,0.002747079995699082,-0.013993888492215415,0.05314250618855717,0.053359125201586075,0.025158909370321034,0.09111678145787812,0.09016562750697989,-0.06314795369204025,0.13421730377793636,0.09282825983271757,0.11215994798104194,0.047990249741084075,-0.07087801123196355,0.0620760118392856,0.03765477412279857,0.08656029049313084,0.05329545625875988,0.013149939281309208,0.057876790023684545,0.06392793117910608,-0.021849006913064527,0.010522387351105384,-0.09843318887103909,0.022952983203312873,-0.005387251336951821,0.02192481303297489,0.05884213555934611,0.04111294220666034,0.04544159537594766,0.039180947264540175,0.005593420268839727,0.004431160119543728,0.05510945091503341,1.0,0.05897731330093243,0.38217754224887474
Science %,-0.07482486592051799,0.029329272499595646,-0.022377934513493535,0.03827033397530816,0.13304575727970452,0.17551179621846058,0.009394430011935895,-0.03664927982277631,0.20202009650682293,0.2705079618250112,0.11711002209160801,0.03059382685370932,-0.08644474408198095,0.09319607133090552,0.14622797313729044,0.16170485951145602,0.2831816582062306,0.21890963194284713,0.3009014608591754,0.06749566057324499,0.006140348555744781,-0.08574636985158962,0.17915571454635265,-0.04542765789517591,0.10581688987609236,0.2564654983583615,0.1890291163393626,0.26539365851103996,0.017078260042668908,0.16413619617925126,0.12073991798012802,0.06920691752829823,0.06155241611085653,-0.09331902499911673,-0.1799026939893794,0.03172616873097623,0.25763710906440307,0.16356163794857065,0.14524026388990682,-0.061588031704546804,-0.0019331212458100775,0.016214069604712226,0.08464244413443005,0.13888667010702418,-0.0067247859412920725,0.17268980379022345,0.15581902890571014,-0.019530693129652187,-0.013590850567130334,-0.05623811913464942,0.14551529850050113,0.08356368877189141,-0.04780254526416657,0.0705821485043824,0.06512158075037416,0.1673055834585152,0.06509688837662854,-0.0029315391285369904,0.2228051153170158,0.17782329635806216,0.05897731330093243,1.0,0.24374232010934016
Social %,0.03482394800441599,-0.13479330308372456,-0.2909247164223659,0.014502175545890285,0.15430253198976032,0.012333988701964586,0.0035114577766099065,0.03324994465885459,0.06070305971412404,0.26606994279537244,0.05131275381677978,0.00634589190848201,-0.03492751357350773,0.2056329382905209,0.13650047872118506,0.1228305007218291,0.1438991238635564,-0.09553610740820212,-0.0863466286429642,0.1066436759159276,0.03798592185738058,0.11050595160304534,0.08457901404396521,0.028623993938825767,-0.19994212856436716,-0.15061099567094355,-0.029009608997627195,-0.04815437668463837,-0.05146901957548622,-0.1112856970174802,-0.054873167213020206,-0.06535877120373984,-0.12291979851704032,0.17283952595983937,0.09452823493777839,-0.052822030105560004,0.08806989716808926,0.10333981926979294,0.10921913462869279,-0.13931377304605078,0.10845693590868044,0.07670603626217959,0.08474830290257604,0.020939606425386222,0.1311709182970783,-0.03695569875955457,0.062083462331911546,-0.05029831856677317,0.04491279925889027,-0.1266833134205757,0.0967707076043543,-0.17611095091113527,-0.011778266894814066,-0.00909652506932995,-0.20152776971885794,-0.17665482631244142,-0.15072365766528356,-0.09895527935274256,0.2701451441688582,0.03293706825312626,0.38217754224887474,0.24374232010934016,1.0
