,STUID,District,Gender,Age,Category,Same language,Siblings,Handicap,Father edu,Mother edu,Father occupation,Mother occupation,Below poverty,Use calculator,Use Internet,Use dictionary,Read other books,# Books,Distance,Computer use,Library use,Like school,Give Lang HW,Give Math HW,Give Scie HW,Give SoSc HW,Correct Lang HW,Correct Math HW,Correct Scie HW,Correct SocS HW,Help in Study,Private tuition,English is difficult,Read English,Dictionary to learn,Answer English WB,Answer English aloud,Maths is difficult,Solve Maths,Solve Maths in groups,Draw geometry,Explain answers,SocSci is difficult,Historical excursions,Participate in SocSci,Small groups in SocSci,Express SocSci views,Science is difficult,Observe experiments,Conduct experiments,Solve science problems,Express science views,Watch TV,Read magazine,Read a book,Play games,Help in household,Maths %,Reading %,Science %,Social %
STUID,1.0,-0.032573670191489004,0.0005106863481467342,0.007267989309957212,-0.01884761141110231,-0.20059235255453575,-0.07208863808115516,0.004272103567641118,0.004443109754102098,-0.00025060110798360365,0.02621887506956367,-0.020228574164892276,-0.014553965939845252,-0.04291788770393754,-0.044050307887015853,-0.0061937934052903754,-0.01524238449783963,-0.06116941574182804,-0.01286876670388125,0.06831565250882211,0.0041929669398722775,0.015682802366114988,0.035726719364517504,0.011985016492380665,0.01717952827105999,0.014577622440686529,0.026992398718129366,0.008636767555825558,0.013557333198726339,0.012059646683226396,-0.03091089938657342,0.03664073492727753,0.015015960736904442,-0.012385129994176418,-0.03868477407808591,-0.05574276444500692,-0.008257370838106124,0.005770267763609765,-0.014998575591827564,-0.050012766981349446,-0.018775074525836103,-0.03319035599546503,-0.01145353145022455,0.019921864645068045,0.01441385359071293,-0.05661960755886989,-0.03423987898132368,-0.005930023747756399,-0.00016078060792767377,-0.06294362968762911,-0.04777748094890228,-0.03430276586857474,0.002327924689824746,-0.02407402191239989,0.0008694233822798309,0.038447472578152536,-0.219520975327621,0.05826923763389408,0.02646177085029142,0.055972266288077915,0.019506095908341615
District,-0.032573670191489004,1.0,0.0129364736419998,-0.06111668602804071,-0.005513877163487164,-0.08364554893735318,0.06445003737827089,0.013270692172296256,-0.016199754577051768,-0.056330817735447666,-0.030645624772903557,-0.0025218551657944983,0.05050139242494613,-0.046445180152421016,-0.007737636890577067,-0.08101557437380699,-0.024758175268329526,-0.02046063580528372,-0.016819814091779108,-0.12807174152742012,0.05314504774878666,-0.014364628891803921,0.04864899392444752,-0.004454307990327372,0.030142673480415143,0.042423432064110034,0.04247070690540235,0.00484845741818528,0.022083980420193394,0.03506411781849543,-0.010983808205460403,-0.015735246030558914,-0.05597330951237485,-0.011616075774418285,-0.030088923333125767,0.03737926978175683,-0.0027501787588676777,-0.022213154468865688,-0.0238247556965536,0.019651412807977903,0.009190131817766439,0.0037795295987210526,-0.04285701851265122,-0.0009655469697731747,0.010327998304622244,0.033531634734845564,0.029229366588574782,-0.010238689350240679,-0.039748662274397474,-0.025328409091683747,0.01697062693182276,-0.006366246518437634,-0.09038591437604632,0.01526335667327391,0.008440254778232188,0.0053475027319261695,0.035238239860783435,0.0570185156740873,0.018801100624634682,-0.01992622448900419,0.037370069523304704
Gender,0.0005106863481467342,0.0129364736419998,1.0,-0.05742614900928347,0.02371815773283707,-0.0009304827574676338,0.0668130712297582,0.006434700877927768,0.032404217692948094,0.03421131815583923,0.009998478009214395,-0.0040541447171759904,0.008137505804884228,-0.05322630568427546,-0.06664038489174728,0.019122781631780748,0.03227357921106949,0.023844869446103655,-0.013338766989609169,-0.018578920001785973,0.012010064487008632,0.018685761203443632,0.03648903609265799,0.03076476660436405,0.021995467981292784,0.023480428414835056,0.016648028239281076,0.013624910291629409,0.012042478474803607,0.014262521194684834,0.02777304529929667,-0.019367451763902886,-0.020739255013877706,-0.00374033309381075,0.011684352147368217,0.026971204693115966,0.021548060159300896,0.019798739513963767,-0.02031632781572094,0.030498863284090683,0.00825709827839559,0.013774708423864659,-0.010391462627779811,0.014705654063111754,0.02160668646394421,0.026282015218081118,0.02043011036519765,-0.0021296448074966897,0.016189561616190673,0.0021078446428170806,0.021687821661547025,0.0036481893867786174,0.007689611881365451,-0.008302399314548257,0.025289776574400357,-0.10376918444798235,0.046284440062522636,0.003654271956632262,0.04588771996342304,0.002962094207536392,0.01797941447141494
Age,0.007267989309957212,-0.06111668602804071,-0.05742614900928347,1.0,-0.010543601740242048,0.09427084340901756,0.1057349825641504,0.018803433370324033,-0.05158578139262437,-0.04544306182277206,-0.027632079124978868,0.022318291408497774,0.02645438121305798,-0.021310431130222542,-0.015298772743352796,-0.009537521654144223,0.006628794898716834,0.002161963936087039,0.004260066228187542,-0.006399416156581696,-0.020709106206417,0.02970042210670574,-0.02477287839500769,-0.007856172257562693,-0.018086713485382752,-0.023546597540065363,-0.014129723472573533,-0.00723581092491321,-0.014039905402819306,-0.016112521296119845,-0.03841453594773057,-0.05584422422412522,0.028073468284607953,-0.015295886449578834,0.018377377375983866,-0.021956119311767535,-0.013062705031203142,0.047406040451936124,-0.028621776019803664,-0.0041363198672582455,-0.03060470471944005,-0.01867483288074823,0.02974466194362217,-0.00271526490636242,0.002189869701414157,-0.0022650790231642528,-0.0002967336814973002,0.035850768972620906,-0.0032101385344061274,0.004739640044655903,-0.00826900238060346,0.002437186597573342,0.03034641842500929,-0.041659010020713684,-0.0323898081370124,-0.0042780841901646416,0.062173940876559156,-0.035907329753545394,-0.04614537387217924,-0.03171954567577921,-0.023236976381542984
Category,-0.01884761141110231,-0.005513877163487164,0.02371815773283707,-0.010543601740242048,1.0,0.023878629204444522,-0.07622381593620046,0.09109054526323322,0.10306653878401602,0.09501757772259595,0.09825589976277882,0.0017742146880156556,-0.05058560672758854,0.07993590755243933,0.052250550585252,0.07884344787882273,0.046984311110953414,0.03520589870439833,0.027429262927320338,0.006890334741104778,0.026819506979460256,0.03856510462116059,0.008569677278883693,0.042655238992613004,0.02817821705023526,0.025217851299623995,-0.0004591633986276964,0.02804595463904116,0.02025044537100448,0.01768552456550612,0.046277956712726824,0.0687232387020883,-0.03695577908656426,0.02506579103490689,0.017808276458668875,0.039837779524893216,0.024856418162807408,-0.024869045981015518,0.03804155526188758,0.03221018893763891,0.049652404707744305,0.04956496508882731,-0.007010654031262585,0.044409136811923974,0.04579574777475484,0.044402152513292645,0.04593521674458139,-0.025043904981091374,0.05654218544518326,0.027010451288809953,0.05699937127936179,0.05045757578228092,0.03752425556467915,0.031220488259502764,0.02307088162637681,0.044282331877965896,0.039369889453441866,0.040168535878294116,0.09108415413254409,0.07871267753482819,0.06964239733804185
Same language,-0.20059235255453575,-0.08364554893735318,-0.0009304827574676338,0.09427084340901756,0.023878629204444522,1.0,0.1484931718250033,0.09727903121018644,0.0172222145565936,0.024715380677332827,0.005629081174921797,0.09671710851707618,0.028648858085455108,0.009315153981943915,0.035573410928243385,0.09857664515418556,0.03974185609896283,0.03594495301007132,0.004034666336871489,-0.07625308762428883,-0.04677390344212419,0.035180103965752337,-0.041553471566252,0.014860769709800903,-0.0123743508274458,-0.012121540940539981,-0.020834148895689332,0.014231365925115425,-0.0018192707576951232,-0.0034115530113890615,-0.00045238720465765465,-0.10093312461561486,-0.016518685370827978,-0.015048619287623398,0.09101423467452209,0.009621130313845568,0.029477384692104723,0.028686452494096543,-0.015297512215780129,0.06329871061220514,0.014815535080315847,0.028998301835384974,0.039746014068510485,0.020892666289853458,0.028692425359433275,0.03089488096603588,0.027036552890931907,0.03977742307162541,0.015363817979885582,-0.013653475010638589,0.024316379543876818,0.016836494975043324,0.004249861215872093,-0.014975575598030153,-0.02645728691739155,0.0029402215310008863,0.10936879670245576,-0.007851487316509396,-0.03613226799494463,0.00979856820827755,0.014443126740854935
Siblings,-0.07208863808115516,0.06445003737827089,0.0668130712297582,0.1057349825641504,-0.07622381593620046,0.1484931718250033,1.0,0.008392835132806881,-0.10891266839025321,-0.1853705466475094,-0.05944161052936662,0.010127957329474142,0.09474064281773263,-0.0752094301295849,-0.060474527860534616,-0.08331743939597892,-0.034860471866762506,-0.04009391544986993,-0.071999671600952,-0.19072364262600341,-0.07386228749817089,-0.006908270312197426,0.030517875842575558,-0.020960726147387525,0.024578374056455715,0.02403220809012566,0.029562529060918403,-0.010484845088262544,0.01681261392724529,0.019924368735652082,-0.05614336164493599,-0.08936139591000998,0.0485720646379536,-0.07429802475369963,0.04060008938158193,-0.0475779710580034,-0.024434717376040447,0.0672182570513899,-0.06568512181865911,-0.006062207749066681,-0.07608567119831308,-0.06402758547721846,0.03581581118735955,-0.003334379605065713,-0.0166717294966365,-0.01600935210903684,-0.018916233963610436,0.06905913239778458,-0.08492445374500812,-0.06490161414241022,-0.050430198581304625,-0.05585783885020742,-0.11015954055449731,-0.09118740076366978,-0.07113779728232088,-0.061372409698318864,0.11609473935430548,0.033935745189210054,-0.13013650255276157,-0.05050851047311201,-0.006860849444308505
Handicap,0.004272103567641118,0.013270692172296256,0.006434700877927768,0.018803433370324033,0.09109054526323322,0.09727903121018644,0.008392835132806881,1.0,0.07895197337433535,0.06617647062756177,0.05352436999047354,0.03210560204797052,0.028567205532938005,0.05695732582887846,0.06055309198339363,0.07406090039536675,0.06273632470066669,0.016419777385967824,0.016984819736724485,-0.01127348701739904,0.03677684408281902,0.08351171647238168,0.06193096895142115,0.08659255947465008,0.07333359682432565,0.07162149284366527,0.05510553316480894,0.07676780297274852,0.07104219308724084,0.06862868166082645,0.055379305726110786,0.017473001055615656,-0.07103592112684697,0.03715419591509391,0.0034697497709553706,0.07757598638049458,0.05986628943887328,-0.01123016661330188,0.01275449435881377,0.0637367185506986,0.06923564267202675,0.05319614958228519,-0.018529279797274104,0.09902386905204023,0.088796234325175,0.06832571217697055,0.06637823738143746,-0.015829083265587345,0.0832936119651305,0.028576641166286273,0.07655302169617696,0.06655758396795061,0.0620063073639064,0.045673474034775376,0.052803070538723434,0.061928099940705195,0.03872554157299474,0.040576432751828546,0.08853804042274593,0.06269894734968012,0.06143544214173427
Father edu,0.004443109754102098,-0.016199754577051768,0.032404217692948094,-0.05158578139262437,0.10306653878401602,0.0172222145565936,-0.10891266839025321,0.07895197337433535,1.0,0.504834467300169,0.3062868940074119,0.04806015043829123,-0.052182195638481595,0.1243799277940195,0.09863741777850178,0.15375899217597655,0.12494235527436891,0.1322660698988351,0.03756762766534616,0.03431310137016168,0.03169524690797398,0.055441259097083945,-0.013185833682782878,0.04946036270199489,0.018906356930717277,0.015147503237465196,-0.0112614020211706,0.03723603666742554,0.01882825666200294,0.015384993947520235,0.11725912831488766,0.09039641524568558,-0.08776943868127232,0.018283465918616418,0.04461014600839284,0.05293522630329957,0.051917074798655115,-0.04716365735104586,0.045430582673048926,0.028531331019669374,0.0606073101637263,0.06844000292005287,-0.03953307775885611,0.06850942241683419,0.046214413737897864,0.03521934197171235,0.048171155964301784,-0.05845739253668716,0.06459555417165064,0.02324961880426368,0.051850711666117225,0.05852808402571906,0.08146744473857673,0.10404435538102796,0.06290341403836201,0.03862796042769604,0.0345929899885427,0.07207250750623921,0.1856389181078514,0.11532225902482249,0.10733758768557612
Mother edu,-0.00025060110798360365,-0.056330817735447666,0.03421131815583923,-0.04544306182277206,0.09501757772259595,0.024715380677332827,-0.1853705466475094,0.06617647062756177,0.504834467300169,1.0,0.20177601905983994,0.15577629744050728,-0.0548871199332601,0.14439355121749117,0.12372563483079324,0.18378442925292082,0.12294207788902212,0.1440883155723572,0.046567742493573684,0.11898600057173393,0.06329025267196717,0.052504202507075354,-0.0057992575790872195,0.06499736742594243,0.020381027766951082,0.03038256878849107,-0.0038565196061947225,0.05038307871728871,0.02376268567849818,0.029947550229952213,0.10982417419218933,0.06296520728340561,-0.0946669321316281,0.06431498156778648,0.03993459922433616,0.0740399515598676,0.07850742880786021,-0.05000512924799572,0.0656029878252091,0.049817777414197,0.09074771022534789,0.10305829808309928,-0.033728555451664276,0.07060184455858631,0.057360528951575056,0.0524475051203442,0.06145072727088329,-0.05601724634615633,0.101981347622039,0.06147138268361369,0.0752746379170304,0.08247867380936177,0.10771458124788721,0.13690957562318792,0.0894163210735196,0.04685284623982875,0.010796850943622854,0.036049672164752224,0.18817828433514802,0.10354998478614161,0.09054233278598253
Father occupation,0.02621887506956367,-0.030645624772903557,0.009998478009214395,-0.027632079124978868,0.09825589976277882,0.005629081174921797,-0.05944161052936662,0.05352436999047354,0.3062868940074119,0.20177601905983994,1.0,0.08739515102743202,-0.07108251942003747,0.11807919297559394,0.09269025563303192,0.10554639631508687,0.10211983075788757,0.10571699286632558,0.02465740847151554,0.022634515241591175,0.011400400574761776,0.05132665045105607,-0.014085181850368651,0.03133118008793412,0.006927143170991723,-0.0002874435601589164,-0.010492717330686114,0.023250365989184767,0.011347718696764953,0.003728940725320689,0.08612274948717645,0.12074912352134351,-0.04070172387835499,0.006231729258902296,0.041021059401452696,0.0326445564231827,0.030300510166543414,-0.031064142051366376,0.031791290048535106,0.009978039557670002,0.035334195154326085,0.042871383262405416,-0.017507452321514003,0.042752776677744304,0.029782127098400436,0.012728308921766442,0.03517032026577721,-0.03598324264218535,0.03699009788539538,0.018355714367235206,0.03167360486802025,0.045392592662118425,0.06180679593566628,0.06475925911502872,0.04046183884192234,0.030981737143031006,0.03241204594091793,0.06462814022599984,0.13923824979596922,0.09809938255556572,0.08622033099383379
Mother occupation,-0.020228574164892276,-0.0025218551657944983,-0.0040541447171759904,0.022318291408497774,0.0017742146880156556,0.09671710851707618,0.010127957329474142,0.03210560204797052,0.04806015043829123,0.15577629744050728,0.08739515102743202,1.0,0.026095284321205628,0.014878902234281805,0.0320669907343904,0.057749200584791216,0.030743418676286653,0.03168907390141074,0.016589602619905292,-0.0064315733178273255,0.018579678815704062,0.02905851111669381,0.00918694543633627,0.038689423384564346,0.023929688176173327,0.032152882675552184,0.018982837923823704,0.04068228895813981,0.02959994897879481,0.035117956642811324,0.03062644588389889,-0.06645815035496457,-0.026987336754339553,0.02674517952661873,0.03139656469633444,0.03561368452654354,0.03537502335743075,0.003475006163887307,0.012802206312747763,0.0451712390101002,0.04395881252214418,0.04159008625387408,0.0008395799075450988,0.033256191754796736,0.06099520323075434,0.04907280778111286,0.04670042314174132,0.010469845955738266,0.05007672228141429,0.01597067682391466,0.04902543035500625,0.04016313513871049,0.029250776072460214,0.03340582777672776,0.02525016186389232,0.04595110394843835,0.005296286231712044,0.013643266645245285,0.00770139352669359,0.017077694392090618,0.012926548018921803
Below poverty,-0.014553965939845252,0.05050139242494613,0.008137505804884228,0.02645438121305798,-0.05058560672758854,0.028648858085455108,0.09474064281773263,0.028567205532938005,-0.052182195638481595,-0.0548871199332601,-0.07108251942003747,0.026095284321205628,1.0,-0.04260632140273591,-0.04652945851306641,-0.017615554664848276,0.010896003417098746,-0.013917509988330445,-0.007660485837837502,-0.06580625321146032,-0.0005850581351636822,0.0256067383391457,0.0414642986955468,0.020742211560552025,0.02850170125152866,0.033131568238830095,0.04643389422882992,0.03319872267178402,0.03734754838531306,0.03742176530591324,0.00809894787242427,-0.019407732035036176,0.024661851532481453,-0.010642605909390673,0.013467723060810241,0.013690118955258936,0.002795544801530088,0.02209402521246931,-0.00495433156742466,0.02021365816865253,0.011885870303103537,0.001551410566366782,0.01154243839707032,0.02291300262242035,0.03170123244235071,0.03411669495518656,0.024024606201771253,0.01808826673790514,0.008675140443438631,-0.025303900384365238,0.0216077640734402,0.008992099594271325,-0.037329755763397574,-0.025935591242451907,-0.01000578288221478,0.032051510195859195,0.0814150112431065,0.010585678158149262,-0.0628963271177406,-0.018267442442448364,-0.008077961482962841
Use calculator,-0.04291788770393754,-0.046445180152421016,-0.05322630568427546,-0.021310431130222542,0.07993590755243933,0.009315153981943915,-0.0752094301295849,0.05695732582887846,0.1243799277940195,0.14439355121749117,0.11807919297559394,0.014878902234281805,-0.04260632140273591,1.0,0.42508446174902775,0.285931200719792,0.12802259308958924,0.14574340814032963,0.023763060613293027,0.09391876246922973,0.07326500044060134,0.06103027666068253,0.04431762513180434,0.07827667210700986,0.05812261723902784,0.05903002648319103,0.035176939035259834,0.058923594177461854,0.05018653336376532,0.05207107786381192,0.10413370360148037,0.1067841715082549,-0.04248326383604807,0.0731769157142898,0.06259013275099355,0.07896143592186089,0.06418867687624544,-0.02695713937939429,0.07685472150554654,0.07084762192893199,0.08796481001694471,0.09676412439552966,-0.007785306485952581,0.04814667829628442,0.0458897497863722,0.05896981789500586,0.07176330323707171,-0.02528119189598377,0.07235039234351123,0.07088907811706051,0.07773024407045903,0.08314219138631188,0.09348519139547354,0.13279154422439976,0.09893242644402049,0.0665985967388585,0.03681774472962954,0.02852655471494199,0.11984299979757215,0.07587478766836983,0.06771555498060092
Use Internet,-0.044050307887015853,-0.007737636890577067,-0.06664038489174728,-0.015298772743352796,0.052250550585252,0.035573410928243385,-0.060474527860534616,0.06055309198339363,0.09863741777850178,0.12372563483079324,0.09269025563303192,0.0320669907343904,-0.04652945851306641,0.42508446174902775,1.0,0.30939993002744975,0.08170488046055858,0.11551829231077586,0.038905136490876506,0.07889172608816812,0.09126915456377122,0.053625539791990834,0.06051322921960236,0.0898257902649749,0.09207603581542026,0.0845371664598328,0.056592181196771334,0.07360875189280561,0.08096840218325417,0.07807718844769586,0.0750015107135419,0.06551058749629471,-0.042619932013030874,0.06803986584442541,0.03507797083687026,0.09006282801090999,0.07327021185125547,-0.010658963422596009,0.07707776288497617,0.07987363047253641,0.09355628126375401,0.09020714880435682,-0.005015904828999774,0.04525675146549248,0.048124559142580764,0.05623775072532425,0.06288883480988351,-0.01906395234166449,0.07208152538154998,0.07240032135372981,0.07160626158218461,0.0713643343772987,0.07782559757748957,0.11410350988318065,0.0990753509389272,0.057739528960657836,0.019155158953485754,0.005095183642876241,0.08317059473099812,0.03071984355576379,0.029262461483508646
Use dictionary,-0.0061937934052903754,-0.08101557437380699,0.019122781631780748,-0.009537521654144223,0.07884344787882273,0.09857664515418556,-0.08331743939597892,0.07406090039536675,0.15375899217597655,0.18378442925292082,0.10554639631508687,0.057749200584791216,-0.017615554664848276,0.285931200719792,0.30939993002744975,1.0,0.20060245959650885,0.19908143336825057,0.03652588887862,0.0705151982876549,0.04279662024732301,0.08724393407269271,0.006243738536161945,0.08938101501123492,0.04000697795313013,0.04243280711196355,0.0216267425419726,0.0750024229216514,0.05001237195757237,0.04995618587001718,0.13417294046343478,0.07460427419104805,-0.05187945646285098,0.0663187373259374,0.17541175933737768,0.10045363380915395,0.08441538479468635,-0.026258481855738165,0.07644908233609952,0.09429229375277896,0.11605126902663616,0.13460668759700217,-0.01056930348126429,0.06969262991257029,0.08537516591645217,0.07466187836923076,0.1000052806587615,-0.02580065873781741,0.11440791182660354,0.05914232963512539,0.10057430583408397,0.11420691102821581,0.09403520964482483,0.16031787909162099,0.13073136773404254,0.08011526740441877,0.01767353038538156,0.04164332166013617,0.15534077985378064,0.0976086210735208,0.07617357402643568
Read other books,-0.01524238449783963,-0.024758175268329526,0.03227357921106949,0.006628794898716834,0.046984311110953414,0.03974185609896283,-0.034860471866762506,0.06273632470066669,0.12494235527436891,0.12294207788902212,0.10211983075788757,0.030743418676286653,0.010896003417098746,0.12802259308958924,0.08170488046055858,0.20060245959650885,1.0,0.463195671518256,0.03011881141626679,0.03965244593711896,0.0786313681880011,0.1051508542965768,0.011308428919245815,0.06031425671537304,0.026836005359447326,0.02594010779929037,0.019065189043790124,0.05461321623982535,0.03604939734487895,0.03370759886831561,0.15606123806621916,0.07343116495625751,-0.057548574215026335,0.04316816531915683,0.10250174442437752,0.09932317167905863,0.0784824307551567,-0.037097525601965865,0.06070729125619736,0.08921092734133418,0.09993644008103768,0.1129985946651632,-0.03512684631139675,0.06775909709386574,0.08080528264875479,0.08399503595334418,0.10344722224870379,-0.04924916833683835,0.0966229418441182,0.05478246015062274,0.09699537336937258,0.10568179427200068,0.08135424056735704,0.16220518770362907,0.15766765579873726,0.07405644101964919,0.09441684307145445,0.052381569252270783,0.15189723636577454,0.10220869989242151,0.09770533001131348
# Books,-0.06116941574182804,-0.02046063580528372,0.023844869446103655,0.002161963936087039,0.03520589870439833,0.03594495301007132,-0.04009391544986993,0.016419777385967824,0.1322660698988351,0.1440883155723572,0.10571699286632558,0.03168907390141074,-0.013917509988330445,0.14574340814032963,0.11551829231077586,0.19908143336825057,0.463195671518256,1.0,0.06320112602417899,0.11367840536339377,0.11528940697053465,0.07243483888655729,-0.0012066073301062361,0.02725564006018917,0.002641030169649054,0.0002894438325553676,0.00820143470412704,0.025447200883327453,0.01289144554669498,0.009028974701438654,0.16997271734382327,0.09669959721046502,-0.03269888228377737,0.04742149765747252,0.11914551812074599,0.09145729735958522,0.07061224156657625,-0.04414871506891102,0.08228501809563546,0.07556815019173378,0.09847683454105204,0.12591679574413753,-0.01683902484965039,0.02321339317756301,0.04231634051086075,0.0677581066601625,0.09642919838517629,-0.039202349675261726,0.07040789717581045,0.06282123061380904,0.08388000940481494,0.10995033264550337,0.06339413204106607,0.2010108959387345,0.19679077636939668,0.042064228459340006,0.06904008160653836,0.02740975171342399,0.14226015346188828,0.0744016306524628,0.07094265551201566
Distance,-0.01286876670388125,-0.016819814091779108,-0.013338766989609169,0.004260066228187542,0.027429262927320338,0.004034666336871489,-0.071999671600952,0.016984819736724485,0.03756762766534616,0.046567742493573684,0.02465740847151554,0.016589602619905292,-0.007660485837837502,0.023763060613293027,0.038905136490876506,0.03652588887862,0.03011881141626679,0.06320112602417899,1.0,0.10373436772476863,0.041004857354041455,0.041517094675957676,-0.02224829508990313,0.008553498114310531,-0.01650936999149631,-0.022078372094812244,-0.018371662494931884,0.0020819481457030214,-0.013264001490190733,-0.01649986019213389,0.03675149563161292,-0.0018383506506095806,0.01731847062811628,0.04027016726790418,0.0070760553777828045,0.018347035858138707,0.022999726010859423,0.005814926723178224,0.027072484241780815,0.0074128609641306705,0.025288294239745965,0.02355021135016862,0.015807883827047214,0.00878249526023038,0.00548247844902148,0.027002938217089312,0.02081837219202057,0.005177420073110314,0.04088036675811444,0.04359887864930658,0.03009721123894387,0.03560879868839077,-0.004610623191945361,0.018150865016563936,0.02906045093781205,0.03190224204718985,-0.0025855247042411234,-0.036184990571572914,0.026995131837692303,0.014539492252686966,0.0011169397837771835
Computer use,0.06831565250882211,-0.12807174152742012,-0.018578920001785973,-0.006399416156581696,0.006890334741104778,-0.07625308762428883,-0.19072364262600341,-0.01127348701739904,0.03431310137016168,0.11898600057173393,0.022634515241591175,-0.0064315733178273255,-0.06580625321146032,0.09391876246922973,0.07889172608816812,0.0705151982876549,0.03965244593711896,0.11367840536339377,0.10373436772476863,1.0,0.2242218630422405,0.039930129266557673,0.01567442204712454,0.035923890256281066,-0.0069856347989660375,0.008733331340745868,0.01624742029912234,0.02205579643716878,-0.0029591671443648126,0.012962341616452036,0.08175444182427379,0.019128015249859368,0.0026438902266352287,0.11888038180236898,0.017400693999825304,0.04436060565986085,0.06728851423596433,-0.009829285005905842,0.0907681838470061,0.03136058326886857,0.07233042166925602,0.08958796401029012,0.013235188951624656,0.007310757358087628,0.01191623652116353,0.02225701300615019,0.024014904230679552,-0.0005147012823525493,0.09430509576713528,0.17497267192308688,0.05061419047185452,0.07049611202772245,0.11646215306738343,0.12793806159273746,0.08730734091951595,0.023747102058731418,-0.03402346373622967,-0.08327228686331169,0.0785962274699368,0.01122128180553544,-0.004989083184455664
Library use,0.0041929669398722775,0.05314504774878666,0.012010064487008632,-0.020709106206417,0.026819506979460256,-0.04677390344212419,-0.07386228749817089,0.03677684408281902,0.03169524690797398,0.06329025267196717,0.011400400574761776,0.018579678815704062,-0.0005850581351636822,0.07326500044060134,0.09126915456377122,0.04279662024732301,0.0786313681880011,0.11528940697053465,0.041004857354041455,0.2242218630422405,1.0,0.08965467790024094,0.11568819189678728,0.09406581153798765,0.11279005602198311,0.1179306464018075,0.10509846698478541,0.09289827471197855,0.10413969620241761,0.11253721337827749,0.09389068524654229,0.025196449230684,-0.07880068163251949,0.09893756905754898,0.04284477575822388,0.11634976497784069,0.09054520840772315,-0.04667554921283216,0.08483081977680437,0.11120770699821199,0.1188807412419418,0.11197407285736932,-0.03778294034382868,0.048627584819953815,0.07293108098801378,0.12047996452283011,0.09221221187056342,-0.034680815124522354,0.11585775987219438,0.16701027368190993,0.1401298993142124,0.10967581833176793,0.06658894671409539,0.15317732644306337,0.14682695304112245,0.0620999106907161,0.0026983902706634887,0.02235702017742636,0.08476868263534723,0.05087215419440202,0.060564048654213075
Like school,0.015682802366114988,-0.014364628891803921,0.018685761203443632,0.02970042210670574,0.03856510462116059,0.035180103965752337,-0.006908270312197426,0.08351171647238168,0.055441259097083945,0.052504202507075354,0.05132665045105607,0.02905851111669381,0.0256067383391457,0.06103027666068253,0.053625539791990834,0.08724393407269271,0.1051508542965768,0.07243483888655729,0.041517094675957676,0.039930129266557673,0.08965467790024094,1.0,0.10457791687085013,0.1211994179971234,0.09687477273041857,0.09039242664010907,0.09830021264483828,0.11086448940806996,0.09835517281815728,0.09288773277422101,0.1598834888368347,0.08463665853016217,0.0050921916834349755,0.07322858994363794,0.0609622465015398,0.10770731896902919,0.10084339600841022,0.0423422164525774,0.05572540265613144,0.10143621531329497,0.0975287320305101,0.09019420808553515,0.020123627706099104,0.11210457711190237,0.11394135354105671,0.08485388464237456,0.09579348200564841,0.029099576772891947,0.10821931426412007,0.06506690126662891,0.09147404399384947,0.09550825413743562,0.09370423985665174,0.06871988245134826,0.07695451782939618,0.09131747277570236,0.09408324259399152,0.026569557742685986,0.07050158481682936,0.052384768702153674,0.04524207096267654
Give Lang HW,0.035726719364517504,0.04864899392444752,0.03648903609265799,-0.02477287839500769,0.008569677278883693,-0.041553471566252,0.030517875842575558,0.06193096895142115,-0.013185833682782878,-0.0057992575790872195,-0.014085181850368651,0.00918694543633627,0.0414642986955468,0.04431762513180434,0.06051322921960236,0.006243738536161945,0.011308428919245815,-0.0012066073301062361,-0.02224829508990313,0.01567442204712454,0.11568819189678728,0.10457791687085013,1.0,0.4104030518985885,0.5138488023447918,0.5464184901500893,0.612336482539975,0.30262509556888684,0.3732230515927598,0.4099308862950405,0.07510318787360722,0.02025209785634024,-0.020543556572041564,0.08520043436162242,0.04670786824862669,0.15509259135111225,0.12164164985703786,0.009184595274274076,0.05871975984838487,0.1497859217372608,0.12544326642811823,0.11018398077286191,-0.0035399133953369208,0.11753008933378906,0.14936867301650839,0.1409986912739852,0.12472129345907343,0.010146469993951784,0.1131214066150038,0.10096597818468257,0.13576752656997831,0.1052923004281523,0.08561192454692113,0.11027587860018077,0.12826396950540056,0.09825071330084717,0.06648738911814149,0.0614811085999529,0.007197626441772544,0.01115506723205695,0.036551489208771375
Give Math HW,0.011985016492380665,-0.004454307990327372,0.03076476660436405,-0.007856172257562693,0.042655238992613004,0.014860769709800903,-0.020960726147387525,0.08659255947465008,0.04946036270199489,0.06499736742594243,0.03133118008793412,0.038689423384564346,0.020742211560552025,0.07827667210700986,0.0898257902649749,0.08938101501123492,0.06031425671537304,0.02725564006018917,0.008553498114310531,0.035923890256281066,0.09406581153798765,0.1211994179971234,0.4104030518985885,1.0,0.602131648840298,0.5930693586378984,0.3014719394751866,0.5921618562085548,0.44042572657956297,0.43568349777048837,0.09001171237682015,0.017868718822263655,-0.05673746094368889,0.09592074387470154,0.06444212308824519,0.1648830570192636,0.14309949452099532,-0.012450884098774356,0.08795522119015219,0.1650278459022742,0.16063296635937926,0.142740573715975,-0.008366625176719454,0.17534422378174025,0.1916409840226099,0.16862714990046931,0.16056953309059147,-0.00815143036607444,0.1823495408210618,0.12726618723847258,0.18005945397154444,0.15581700022545533,0.1287904109090762,0.1355525735390849,0.1432433897064581,0.1390188313501172,0.1030908640443914,0.0656465608750484,0.07292118260020691,0.06173638133416029,0.06646292064024138
Give Scie HW,0.01717952827105999,0.030142673480415143,0.021995467981292784,-0.018086713485382752,0.02817821705023526,-0.0123743508274458,0.024578374056455715,0.07333359682432565,0.018906356930717277,0.020381027766951082,0.006927143170991723,0.023929688176173327,0.02850170125152866,0.05812261723902784,0.09207603581542026,0.04000697795313013,0.026836005359447326,0.002641030169649054,-0.01650936999149631,-0.0069856347989660375,0.11279005602198311,0.09687477273041857,0.5138488023447918,0.602131648840298,1.0,0.7031623068644337,0.3791308149753513,0.43410875656255976,0.6447690874243083,0.5223293083459449,0.0697938466203184,0.010815940537540062,-0.061001408396252454,0.08871373994400625,0.05115096412428141,0.16899119677659616,0.1331819304076305,-0.00955934614275947,0.07269010850458367,0.16377261120092848,0.14934079468999487,0.1297911488332039,-0.015436339751999463,0.16329746964409614,0.1886968648049558,0.17579178076147092,0.161772088801615,-0.015521800570574212,0.16031500074239236,0.13117522427954925,0.18721890922302398,0.15241971108278493,0.10503365251986965,0.12765415586665924,0.14900559743541184,0.12155466081744494,0.09400097890828663,0.06809235639951226,0.04344808017405773,0.04259107767340422,0.05669466722725274
Give SoSc HW,0.014577622440686529,0.042423432064110034,0.023480428414835056,-0.023546597540065363,0.025217851299623995,-0.012121540940539981,0.02403220809012566,0.07162149284366527,0.015147503237465196,0.03038256878849107,-0.0002874435601589164,0.032152882675552184,0.033131568238830095,0.05903002648319103,0.0845371664598328,0.04243280711196355,0.02594010779929037,0.0002894438325553676,-0.022078372094812244,0.008733331340745868,0.1179306464018075,0.09039242664010907,0.5464184901500893,0.5930693586378984,0.7031623068644337,1.0,0.40422415371365095,0.42425707373108296,0.5125293147479605,0.6756855658951874,0.0629371054895503,-0.010264568385648034,-0.0708512332049478,0.09960850322364079,0.05093247136396706,0.17375073249355333,0.1455891205805414,-0.01816701377982418,0.07531239308160623,0.16410496919583062,0.1536249032697549,0.13796602792401044,-0.030182258345353513,0.1651692462278729,0.1979175452465543,0.1863815983188155,0.1669777856987802,-0.009440838453741716,0.15851488467355557,0.12501211173446797,0.18308789891048544,0.15634367420474848,0.10211691150352477,0.13511772794278265,0.1520007039569653,0.1270870042858389,0.09010676241686004,0.0611328911074485,0.048096646825785475,0.030640223388724325,0.06053620524366998
Correct Lang HW,0.026992398718129366,0.04247070690540235,0.016648028239281076,-0.014129723472573533,-0.0004591633986276964,-0.020834148895689332,0.029562529060918403,0.05510553316480894,-0.0112614020211706,-0.0038565196061947225,-0.010492717330686114,0.018982837923823704,0.04643389422882992,0.035176939035259834,0.056592181196771334,0.0216267425419726,0.019065189043790124,0.00820143470412704,-0.018371662494931884,0.01624742029912234,0.10509846698478541,0.09830021264483828,0.612336482539975,0.3014719394751866,0.3791308149753513,0.40422415371365095,1.0,0.5311783673704324,0.5829934995209992,0.6073644888082137,0.09290505569110746,0.02980904601323763,-0.0058309653870445895,0.07057751674234783,0.06295285609374988,0.13568587870578422,0.11366419460363442,0.008713094061731114,0.06347621843249508,0.13443328378733166,0.11192990901768496,0.10406194927476886,0.0015993133874233371,0.10643354522891325,0.13526799698835373,0.13140965600379712,0.11184464529075655,0.015324888917288927,0.10617745054447401,0.09668604487539156,0.128875884485574,0.10612302325907301,0.07695608193201843,0.10278337376598329,0.13236494150076017,0.1040367306108978,0.05605035428547854,0.061273540475592705,-8.393031956214972e-05,0.01996814978334342,0.03461296234706208
Correct Math HW,0.008636767555825558,0.00484845741818528,0.013624910291629409,-0.00723581092491321,0.02804595463904116,0.014231365925115425,-0.010484845088262544,0.07676780297274852,0.03723603666742554,0.05038307871728871,0.023250365989184767,0.04068228895813981,0.03319872267178402,0.058923594177461854,0.07360875189280561,0.0750024229216514,0.05461321623982535,0.025447200883327453,0.0020819481457030214,0.02205579643716878,0.09289827471197855,0.11086448940806996,0.30262509556888684,0.5921618562085548,0.43410875656255976,0.42425707373108296,0.5311783673704324,1.0,0.676274043122145,0.6615146139619209,0.09577122193965114,0.029431450121959236,-0.03531809802793269,0.0792128049766022,0.0718264191612615,0.1498396479460759,0.13198788069197007,-0.01773992884931004,0.09225446444673281,0.14919897319137704,0.14242916899646774,0.1298652259765671,-0.008933802091228526,0.15703268521883515,0.1768819866592583,0.16414701318097313,0.14762904320420212,-0.0010497696456664388,0.1590379866364432,0.12537154563561334,0.170492659448853,0.1479812452438277,0.10683634188190425,0.12443827333106372,0.1413117407245867,0.14290805291928393,0.08447028988764309,0.07064078540432256,0.049274164565254,0.05851197545330779,0.060889863328223055
Correct Scie HW,0.013557333198726339,0.022083980420193394,0.012042478474803607,-0.014039905402819306,0.02025044537100448,-0.0018192707576951232,0.01681261392724529,0.07104219308724084,0.01882825666200294,0.02376268567849818,0.011347718696764953,0.02959994897879481,0.03734754838531306,0.05018653336376532,0.08096840218325417,0.05001237195757237,0.03604939734487895,0.01289144554669498,-0.013264001490190733,-0.0029591671443648126,0.10413969620241761,0.09835517281815728,0.3732230515927598,0.44042572657956297,0.6447690874243083,0.5125293147479605,0.5829934995209992,0.676274043122145,1.0,0.7437939792539345,0.0846579217326979,0.021310446069253874,-0.04610859116225271,0.07884353281010077,0.0673200142432257,0.1551096121541402,0.1297284647904526,-0.01499091129261355,0.07742791743333467,0.15101055394642254,0.1380801315794519,0.12452324616608104,-0.011731895624285796,0.1521634843699455,0.17988685865973122,0.17160379434867076,0.15234087385514306,-0.008305962362412597,0.15284916861202952,0.12891694497655418,0.1847779417724939,0.1516553809144909,0.09739546902506133,0.12430573821743948,0.1497367974671179,0.1332530845954959,0.0793822517823668,0.06986453857327556,0.03770626478393258,0.04864672450451609,0.057303160829741094
Correct SocS HW,0.012059646683226396,0.03506411781849543,0.014262521194684834,-0.016112521296119845,0.01768552456550612,-0.0034115530113890615,0.019924368735652082,0.06862868166082645,0.015384993947520235,0.029947550229952213,0.003728940725320689,0.035117956642811324,0.03742176530591324,0.05207107786381192,0.07807718844769586,0.04995618587001718,0.03370759886831561,0.009028974701438654,-0.01649986019213389,0.012962341616452036,0.11253721337827749,0.09288773277422101,0.4099308862950405,0.43568349777048837,0.5223293083459449,0.6756855658951874,0.6073644888082137,0.6615146139619209,0.7437939792539345,1.0,0.07721201213467996,0.0002863325961455644,-0.0545761001048449,0.0919798183005163,0.06495701758175022,0.1622671734940263,0.14026096832661678,-0.01957558347666025,0.08063242600209646,0.15611619664589024,0.14539813751339525,0.13619698006479586,-0.023794982969741092,0.15434381707465775,0.19008187244718747,0.18120962571157395,0.16372775253677704,-0.0026873525433290173,0.15280009710364012,0.12926935979271156,0.17818861620418452,0.15712534907983733,0.09688242657816652,0.12901034816123033,0.15483211504398578,0.13383611144774948,0.07914379692475554,0.06515295119609853,0.04288653151679956,0.04091659690292912,0.06405265039134066
Help in Study,-0.03091089938657342,-0.010983808205460403,0.02777304529929667,-0.03841453594773057,0.046277956712726824,-0.00045238720465765465,-0.05614336164493599,0.055379305726110786,0.11725912831488766,0.10982417419218933,0.08612274948717645,0.03062644588389889,0.00809894787242427,0.10413370360148037,0.0750015107135419,0.13417294046343478,0.15606123806621916,0.16997271734382327,0.03675149563161292,0.08175444182427379,0.09389068524654229,0.1598834888368347,0.07510318787360722,0.09001171237682015,0.0697938466203184,0.0629371054895503,0.09290505569110746,0.09577122193965114,0.0846579217326979,0.07721201213467996,1.0,0.2103227521333759,-0.002936414616315582,0.0818811892792457,0.0991057368077129,0.12891939436502103,0.10060503235733921,-0.010739304410887692,0.09150890593534887,0.12206833818901332,0.1348288147921994,0.1362559311635601,0.0024806423364824915,0.08541009304735897,0.10281461947465302,0.10429312151987345,0.10757741106923184,-0.010260695335525778,0.11450972492743701,0.08321286248375231,0.1179305982191687,0.11751376138804609,0.11360960072765472,0.17273293962955602,0.15565538062562087,0.10033682110250546,0.05446880536293773,0.008580174709434927,0.06678948819661334,0.03564432043800204,0.02674516583174155
Private tuition,0.03664073492727753,-0.015735246030558914,-0.019367451763902886,-0.05584422422412522,0.0687232387020883,-0.10093312461561486,-0.08936139591000998,0.017473001055615656,0.09039641524568558,0.06296520728340561,0.12074912352134351,-0.06645815035496457,-0.019407732035036176,0.1067841715082549,0.06551058749629471,0.07460427419104805,0.07343116495625751,0.09669959721046502,-0.0018383506506095806,0.019128015249859368,0.025196449230684,0.08463665853016217,0.02025209785634024,0.017868718822263655,0.010815940537540062,-0.010264568385648034,0.02980904601323763,0.029431450121959236,0.021310446069253874,0.0002863325961455644,0.2103227521333759,1.0,0.07570193799976213,0.009656514411896407,0.054207521455719575,0.036397835110814875,0.015266636844696823,-0.0014908443044672915,0.07629316054430942,0.0010730271386429728,0.04002041701856621,0.04553001920134472,0.03205501147391118,0.017672366032321373,0.0016413316643322598,0.004031172709857897,0.027677450338936163,0.006783428116657492,0.007632216442461846,0.025543142651372128,0.011702326032707357,0.03597057097630072,0.04108604358285579,0.06807152405359729,0.0729574263528433,0.039292671922796577,0.02385527072860049,0.03988089862710708,0.062360234115644675,0.047768357152488554,0.022219735308531188
English is difficult,0.015015960736904442,-0.05597330951237485,-0.020739255013877706,0.028073468284607953,-0.03695577908656426,-0.016518685370827978,0.0485720646379536,-0.07103592112684697,-0.08776943868127232,-0.0946669321316281,-0.04070172387835499,-0.026987336754339553,0.024661851532481453,-0.04248326383604807,-0.042619932013030874,-0.05187945646285098,-0.057548574215026335,-0.03269888228377737,0.01731847062811628,0.0026438902266352287,-0.07880068163251949,0.0050921916834349755,-0.020543556572041564,-0.05673746094368889,-0.061001408396252454,-0.0708512332049478,-0.0058309653870445895,-0.03531809802793269,-0.04610859116225271,-0.0545761001048449,-0.002936414616315582,0.07570193799976213,1.0,0.05412599828471645,0.0990700354616531,-0.002629080937132697,0.010450608484964293,0.25109457719559525,0.06760951645614885,-0.011686464969894363,-0.021303371218334543,-0.005650505918803829,0.3157797533740192,-0.023000191340107362,-0.03842028567749813,-0.040639941993327953,-0.032668883537703516,0.2879197805330882,-0.04178133558181857,-0.0001702231870748508,-0.06603843513038746,-0.03058806732382659,-0.013254553995258793,-0.05294263912354874,-0.029619368914133668,0.0006945319689680943,0.033524334814476045,-0.05017421668090394,-0.13519685026174671,-0.0744129432927532,-0.08373302190919188
Read English,-0.012385129994176418,-0.011616075774418285,-0.00374033309381075,-0.015295886449578834,0.02506579103490689,-0.015048619287623398,-0.07429802475369963,0.03715419591509391,0.018283465918616418,0.06431498156778648,0.006231729258902296,0.02674517952661873,-0.010642605909390673,0.0731769157142898,0.06803986584442541,0.0663187373259374,0.04316816531915683,0.04742149765747252,0.04027016726790418,0.11888038180236898,0.09893756905754898,0.07322858994363794,0.08520043436162242,0.09592074387470154,0.08871373994400625,0.09960850322364079,0.07057751674234783,0.0792128049766022,0.07884353281010077,0.0919798183005163,0.0818811892792457,0.009656514411896407,0.05412599828471645,1.0,0.1845207629282457,0.3124274997415923,0.2917454209915293,0.037764780635696764,0.23335505260175135,0.224687575138529,0.24717763834503773,0.2365327686837584,0.060604609389988365,0.18426872563200977,0.19415876436224208,0.18546724376546747,0.17443556301906601,0.05267340087599755,0.22723130454161133,0.19589312691973143,0.18996074460503015,0.18396875835720708,0.10493119325321507,0.14976935526417734,0.13592718481851399,0.12281859413881058,0.020968548986425837,-0.011115647914014856,0.054070442205658376,0.014071551374656014,0.012726439759369995
Dictionary to learn,-0.03868477407808591,-0.030088923333125767,0.011684352147368217,0.018377377375983866,0.017808276458668875,0.09101423467452209,0.04060008938158193,0.0034697497709553706,0.04461014600839284,0.03993459922433616,0.041021059401452696,0.03139656469633444,0.013467723060810241,0.06259013275099355,0.03507797083687026,0.17541175933737768,0.10250174442437752,0.11914551812074599,0.0070760553777828045,0.017400693999825304,0.04284477575822388,0.0609622465015398,0.04670786824862669,0.06444212308824519,0.05115096412428141,0.05093247136396706,0.06295285609374988,0.0718264191612615,0.0673200142432257,0.06495701758175022,0.0991057368077129,0.054207521455719575,0.0990700354616531,0.1845207629282457,1.0,0.27280404326561847,0.2405393125896918,0.05045789013646112,0.179509307826613,0.22451047150445116,0.19067782569869055,0.2126261114807692,0.06933637410997176,0.14384041136043518,0.18211147661392252,0.19447370880045245,0.1987955839601961,0.051488148908905275,0.15871699157636665,0.15485732258667864,0.17854384121071348,0.19779100776532682,0.06923902822784106,0.13733423173984077,0.12394723366645227,0.11576575576126166,0.16175596717957927,0.08162086972539528,0.051081787852792965,0.08763369178217838,0.08343665174458201
Answer English WB,-0.05574276444500692,0.03737926978175683,0.026971204693115966,-0.021956119311767535,0.039837779524893216,0.009621130313845568,-0.0475779710580034,0.07757598638049458,0.05293522630329957,0.0740399515598676,0.0326445564231827,0.03561368452654354,0.013690118955258936,0.07896143592186089,0.09006282801090999,0.10045363380915395,0.09932317167905863,0.09145729735958522,0.018347035858138707,0.04436060565986085,0.11634976497784069,0.10770731896902919,0.15509259135111225,0.1648830570192636,0.16899119677659616,0.17375073249355333,0.13568587870578422,0.1498396479460759,0.1551096121541402,0.1622671734940263,0.12891939436502103,0.036397835110814875,-0.002629080937132697,0.3124274997415923,0.27280404326561847,1.0,0.43439155325079054,0.020310944234518548,0.20266910758189421,0.3399743556770567,0.35107846323025454,0.3242560764244871,0.025826750445852635,0.2686552452439077,0.3177834144125351,0.29328166878223666,0.28876688633280234,0.014216468321180016,0.2836360420968512,0.19650427393852643,0.28347184386630564,0.26566412785545207,0.1518776306796609,0.21032870182011992,0.2055248011887199,0.16021750047778036,0.13606191501886816,0.05654250523017866,0.11894703546020358,0.07023678511017278,0.08279053533167365
Answer English aloud,-0.008257370838106124,-0.0027501787588676777,0.021548060159300896,-0.013062705031203142,0.024856418162807408,0.029477384692104723,-0.024434717376040447,0.05986628943887328,0.051917074798655115,0.07850742880786021,0.030300510166543414,0.03537502335743075,0.002795544801530088,0.06418867687624544,0.07327021185125547,0.08441538479468635,0.0784824307551567,0.07061224156657625,0.022999726010859423,0.06728851423596433,0.09054520840772315,0.10084339600841022,0.12164164985703786,0.14309949452099532,0.1331819304076305,0.1455891205805414,0.11366419460363442,0.13198788069197007,0.1297284647904526,0.14026096832661678,0.10060503235733921,0.015266636844696823,0.010450608484964293,0.2917454209915293,0.2405393125896918,0.43439155325079054,1.0,0.04904002951689483,0.19545923478797372,0.29479013675989335,0.31135138512875393,0.3171501082636555,0.03447990991817039,0.28274748350474654,0.29134685174883873,0.23434949850701062,0.25197631203534615,0.024052567538092578,0.25109333803014244,0.18817546399059684,0.23396784554993372,0.24250553782557105,0.1343152150258464,0.17263103884105574,0.1780988722364224,0.13842760871848955,0.08791433499624898,0.020851764635020253,0.09336586439361975,0.061988022990964,0.04885038943515493
Maths is difficult,0.005770267763609765,-0.022213154468865688,0.019798739513963767,0.047406040451936124,-0.024869045981015518,0.028686452494096543,0.0672182570513899,-0.01123016661330188,-0.04716365735104586,-0.05000512924799572,-0.031064142051366376,0.003475006163887307,0.02209402521246931,-0.02695713937939429,-0.010658963422596009,-0.026258481855738165,-0.037097525601965865,-0.04414871506891102,0.005814926723178224,-0.009829285005905842,-0.04667554921283216,0.0423422164525774,0.009184595274274076,-0.012450884098774356,-0.00955934614275947,-0.01816701377982418,0.008713094061731114,-0.01773992884931004,-0.01499091129261355,-0.01957558347666025,-0.010739304410887692,-0.0014908443044672915,0.25109457719559525,0.037764780635696764,0.05045789013646112,0.020310944234518548,0.04904002951689483,1.0,-0.054688095076179735,0.06157548227551753,0.0036754185224810026,-0.010444155325733097,0.22955841070770658,0.07128538975419572,0.0248689624293866,0.0003297126666162777,-0.002656560454576239,0.2752915127114051,0.0080602305506059,-0.012852922868253808,-0.023565349632177726,-0.013450056277178515,0.04316988554306942,-0.05058631880486895,-0.015434040744999529,0.014352216779060643,0.06982255996194055,-0.07795827469052057,-0.08460198162777394,-0.0648421131902616,-0.05519307974518076
Solve Maths,-0.014998575591827564,-0.0238247556965536,-0.02031632781572094,-0.028621776019803664,0.03804155526188758,-0.015297512215780129,-0.06568512181865911,0.01275449435881377,0.045430582673048926,0.0656029878252091,0.031791290048535106,0.012802206312747763,-0.00495433156742466,0.07685472150554654,0.07707776288497617,0.07644908233609952,0.06070729125619736,0.08228501809563546,0.027072484241780815,0.0907681838470061,0.08483081977680437,0.05572540265613144,0.05871975984838487,0.08795522119015219,0.07269010850458367,0.07531239308160623,0.06347621843249508,0.09225446444673281,0.07742791743333467,0.08063242600209646,0.09150890593534887,0.07629316054430942,0.06760951645614885,0.23335505260175135,0.179509307826613,0.20266910758189421,0.19545923478797372,-0.054688095076179735,1.0,0.2135069596709947,0.32276798743105656,0.3341508318844498,0.05832450670843369,0.13652718690303217,0.15134782428974608,0.16270833077852118,0.1696650420326604,0.02085740447477878,0.1821571264536059,0.19628799085769613,0.16927991126300523,0.19852651181451517,0.07626185019107246,0.1678234559884898,0.151388312870126,0.1108036109346094,0.02607901460139143,0.029113956417208504,0.04046536809572397,0.03547388145049968,0.02403234473993122
Solve Maths in groups,-0.050012766981349446,0.019651412807977903,0.030498863284090683,-0.0041363198672582455,0.03221018893763891,0.06329871061220514,-0.006062207749066681,0.0637367185506986,0.028531331019669374,0.049817777414197,0.009978039557670002,0.0451712390101002,0.02021365816865253,0.07084762192893199,0.07987363047253641,0.09429229375277896,0.08921092734133418,0.07556815019173378,0.0074128609641306705,0.03136058326886857,0.11120770699821199,0.10143621531329497,0.1497859217372608,0.1650278459022742,0.16377261120092848,0.16410496919583062,0.13443328378733166,0.14919897319137704,0.15101055394642254,0.15611619664589024,0.12206833818901332,0.0010730271386429728,-0.011686464969894363,0.224687575138529,0.22451047150445116,0.3399743556770567,0.29479013675989335,0.06157548227551753,0.2135069596709947,1.0,0.3918896461467213,0.373455380625448,0.03702353234935596,0.25962133449647584,0.32513601831740413,0.33130997968146947,0.28242847286643763,0.028753654649229406,0.28155877708467775,0.20990136828479894,0.328601518902682,0.25950509999188237,0.1331806717617235,0.18714835372328775,0.1923249957692015,0.14808032943734617,0.12633248284985626,0.04451429603697573,0.06769450649549369,0.04417490988096204,0.060016952766867096
Draw geometry,-0.018775074525836103,0.009190131817766439,0.00825709827839559,-0.03060470471944005,0.049652404707744305,0.014815535080315847,-0.07608567119831308,0.06923564267202675,0.0606073101637263,0.09074771022534789,0.035334195154326085,0.04395881252214418,0.011885870303103537,0.08796481001694471,0.09355628126375401,0.11605126902663616,0.09993644008103768,0.09847683454105204,0.025288294239745965,0.07233042166925602,0.1188807412419418,0.0975287320305101,0.12544326642811823,0.16063296635937926,0.14934079468999487,0.1536249032697549,0.11192990901768496,0.14242916899646774,0.1380801315794519,0.14539813751339525,0.1348288147921994,0.04002041701856621,-0.021303371218334543,0.24717763834503773,0.19067782569869055,0.35107846323025454,0.31135138512875393,0.0036754185224810026,0.32276798743105656,0.3918896461467213,1.0,0.4566194731163855,0.030402574835244046,0.26141645510532396,0.31426780315717967,0.30594608693332986,0.30759901892175534,0.004630265842532496,0.30679509451541226,0.23267996234698526,0.3120675986899359,0.3128627304080831,0.1537690374486054,0.22847669490663683,0.21414738124979707,0.18262583298784366,0.09476085742953279,0.04622118794136738,0.10143823538875839,0.0672308243841209,0.06711500602498718
Explain answers,-0.03319035599546503,0.0037795295987210526,0.013774708423864659,-0.01867483288074823,0.04956496508882731,0.028998301835384974,-0.06402758547721846,0.05319614958228519,0.06844000292005287,0.10305829808309928,0.042871383262405416,0.04159008625387408,0.001551410566366782,0.09676412439552966,0.09020714880435682,0.13460668759700217,0.1129985946651632,0.12591679574413753,0.02355021135016862,0.08958796401029012,0.11197407285736932,0.09019420808553515,0.11018398077286191,0.142740573715975,0.1297911488332039,0.13796602792401044,0.10406194927476886,0.1298652259765671,0.12452324616608104,0.13619698006479586,0.1362559311635601,0.04553001920134472,-0.005650505918803829,0.2365327686837584,0.2126261114807692,0.3242560764244871,0.3171501082636555,-0.010444155325733097,0.3341508318844498,0.373455380625448,0.4566194731163855,1.0,0.029808746480004675,0.23442235643382608,0.2896443803286638,0.28485555407995206,0.31836322935365713,0.003790261209988539,0.2826473416899521,0.23049112122142665,0.2934994946976201,0.33536879024690275,0.14501733691597518,0.23634106827550097,0.20677456875035818,0.16431393084457488,0.1062891972722618,0.049512565993129476,0.1262271531805892,0.07955091720445988,0.07503901454278662
SocSci is difficult,-0.01145353145022455,-0.04285701851265122,-0.010391462627779811,0.02974466194362217,-0.007010654031262585,0.039746014068510485,0.03581581118735955,-0.018529279797274104,-0.03953307775885611,-0.033728555451664276,-0.017507452321514003,0.0008395799075450988,0.01154243839707032,-0.007785306485952581,-0.005015904828999774,-0.01056930348126429,-0.03512684631139675,-0.01683902484965039,0.015807883827047214,0.013235188951624656,-0.03778294034382868,0.020123627706099104,-0.0035399133953369208,-0.008366625176719454,-0.015436339751999463,-0.030182258345353513,0.0015993133874233371,-0.008933802091228526,-0.011731895624285796,-0.023794982969741092,0.0024806423364824915,0.03205501147391118,0.3157797533740192,0.060604609389988365,0.06933637410997176,0.025826750445852635,0.03447990991817039,0.22955841070770658,0.05832450670843369,0.03702353234935596,0.030402574835244046,0.029808746480004675,1.0,0.07106469543353842,0.05582709580285239,0.05857024478178043,0.05526431153337472,0.4501533027933607,0.046382628162825144,0.07516549652513925,0.03785867101395564,0.0605290503031018,0.06077071178751538,0.005999700626867996,0.02168784656828119,0.031383227398407106,0.07538238920438894,-0.03932020366923195,-0.07970056180679452,-0.0512430310489302,-0.05651848705364646
Historical excursions,0.019921864645068045,-0.0009655469697731747,0.014705654063111754,-0.00271526490636242,0.044409136811923974,0.020892666289853458,-0.003334379605065713,0.09902386905204023,0.06850942241683419,0.07060184455858631,0.042752776677744304,0.033256191754796736,0.02291300262242035,0.04814667829628442,0.04525675146549248,0.06969262991257029,0.06775909709386574,0.02321339317756301,0.00878249526023038,0.007310757358087628,0.048627584819953815,0.11210457711190237,0.11753008933378906,0.17534422378174025,0.16329746964409614,0.1651692462278729,0.10643354522891325,0.15703268521883515,0.1521634843699455,0.15434381707465775,0.08541009304735897,0.017672366032321373,-0.023000191340107362,0.18426872563200977,0.14384041136043518,0.2686552452439077,0.28274748350474654,0.07128538975419572,0.13652718690303217,0.25962133449647584,0.26141645510532396,0.23442235643382608,0.07106469543353842,1.0,0.44889770134900403,0.34871558018036347,0.3552868633717717,0.10410182274891742,0.3826318423659436,0.2300642976813877,0.31300957656373757,0.30654476249327545,0.18334720063749302,0.17667918881009528,0.18230395555337228,0.19034530191681828,0.1626076109281776,0.045355014726108214,0.0928284553314455,0.07420671156988823,0.06796081776730169
Participate in SocSci,0.01441385359071293,0.010327998304622244,0.02160668646394421,0.002189869701414157,0.04579574777475484,0.028692425359433275,-0.0166717294966365,0.088796234325175,0.046214413737897864,0.057360528951575056,0.029782127098400436,0.06099520323075434,0.03170123244235071,0.0458897497863722,0.048124559142580764,0.08537516591645217,0.08080528264875479,0.04231634051086075,0.00548247844902148,0.01191623652116353,0.07293108098801378,0.11394135354105671,0.14936867301650839,0.1916409840226099,0.1886968648049558,0.1979175452465543,0.13526799698835373,0.1768819866592583,0.17988685865973122,0.19008187244718747,0.10281461947465302,0.0016413316643322598,-0.03842028567749813,0.19415876436224208,0.18211147661392252,0.3177834144125351,0.29134685174883873,0.0248689624293866,0.15134782428974608,0.32513601831740413,0.31426780315717967,0.2896443803286638,0.05582709580285239,0.44889770134900403,1.0,0.427489689234305,0.43102364281214695,0.07335989834028843,0.4124692010604738,0.2822287820233305,0.3866761098258757,0.36367574719916995,0.19299845647160563,0.20074179219091762,0.20788561030612202,0.23198062475132222,0.18874257963969276,0.06819367136339138,0.09676980792878094,0.0796062400071117,0.08209524992729995
Small groups in SocSci,-0.05661960755886989,0.033531634734845564,0.026282015218081118,-0.0022650790231642528,0.044402152513292645,0.03089488096603588,-0.01600935210903684,0.06832571217697055,0.03521934197171235,0.0524475051203442,0.012728308921766442,0.04907280778111286,0.03411669495518656,0.05896981789500586,0.05623775072532425,0.07466187836923076,0.08399503595334418,0.0677581066601625,0.027002938217089312,0.02225701300615019,0.12047996452283011,0.08485388464237456,0.1409986912739852,0.16862714990046931,0.17579178076147092,0.1863815983188155,0.13140965600379712,0.16414701318097313,0.17160379434867076,0.18120962571157395,0.10429312151987345,0.004031172709857897,-0.040639941993327953,0.18546724376546747,0.19447370880045245,0.29328166878223666,0.23434949850701062,0.0003297126666162777,0.16270833077852118,0.33130997968146947,0.30594608693332986,0.28485555407995206,0.05857024478178043,0.34871558018036347,0.427489689234305,1.0,0.5026869127335454,0.0665460167200425,0.3592474894123772,0.31308853444201656,0.5387499671367505,0.40542121012970694,0.15210195197743095,0.21628185675557138,0.22113680236210048,0.21501634272684622,0.19312182237961892,0.05911983860691914,0.07544286830770486,0.06616888467108129,0.08273984040038686
Express SocSci views,-0.03423987898132368,0.029229366588574782,0.02043011036519765,-0.0002967336814973002,0.04593521674458139,0.027036552890931907,-0.018916233963610436,0.06637823738143746,0.048171155964301784,0.06145072727088329,0.03517032026577721,0.04670042314174132,0.024024606201771253,0.07176330323707171,0.06288883480988351,0.1000052806587615,0.10344722224870379,0.09642919838517629,0.02081837219202057,0.024014904230679552,0.09221221187056342,0.09579348200564841,0.12472129345907343,0.16056953309059147,0.161772088801615,0.1669777856987802,0.11184464529075655,0.14762904320420212,0.15234087385514306,0.16372775253677704,0.10757741106923184,0.027677450338936163,-0.032668883537703516,0.17443556301906601,0.1987955839601961,0.28876688633280234,0.25197631203534615,-0.002656560454576239,0.1696650420326604,0.28242847286643763,0.30759901892175534,0.31836322935365713,0.05526431153337472,0.3552868633717717,0.43102364281214695,0.5026869127335454,1.0,0.05726961213916342,0.3529609321856929,0.30204530653239803,0.43557604365036473,0.4520516328232879,0.15355110209886277,0.22783246594382883,0.2242470627455847,0.206509540434687,0.1959306877164993,0.05665982238771791,0.0990975974721876,0.0825215383373836,0.09208483172773427
Science is difficult,-0.005930023747756399,-0.010238689350240679,-0.0021296448074966897,0.035850768972620906,-0.025043904981091374,0.03977742307162541,0.06905913239778458,-0.015829083265587345,-0.05845739253668716,-0.05601724634615633,-0.03598324264218535,0.010469845955738266,0.01808826673790514,-0.02528119189598377,-0.01906395234166449,-0.02580065873781741,-0.04924916833683835,-0.039202349675261726,0.005177420073110314,-0.0005147012823525493,-0.034680815124522354,0.029099576772891947,0.010146469993951784,-0.00815143036607444,-0.015521800570574212,-0.009440838453741716,0.015324888917288927,-0.0010497696456664388,-0.008305962362412597,-0.0026873525433290173,-0.010260695335525778,0.006783428116657492,0.2879197805330882,0.05267340087599755,0.051488148908905275,0.014216468321180016,0.024052567538092578,0.2752915127114051,0.02085740447477878,0.028753654649229406,0.004630265842532496,0.003790261209988539,0.4501533027933607,0.10410182274891742,0.07335989834028843,0.0665460167200425,0.05726961213916342,1.0,0.02758106141426912,0.08203891982947366,0.03597872795965325,0.056601939091295274,0.05915638988540584,0.0005544169827022722,0.01780491056988825,0.04187433114051928,0.08498168089186565,-0.04789985535779313,-0.10847490584147969,-0.07835565796856797,-0.060975498978436224
Observe experiments,-0.00016078060792767377,-0.039748662274397474,0.016189561616190673,-0.0032101385344061274,0.05654218544518326,0.015363817979885582,-0.08492445374500812,0.0832936119651305,0.06459555417165064,0.101981347622039,0.03699009788539538,0.05007672228141429,0.008675140443438631,0.07235039234351123,0.07208152538154998,0.11440791182660354,0.0966229418441182,0.07040789717581045,0.04088036675811444,0.09430509576713528,0.11585775987219438,0.10821931426412007,0.1131214066150038,0.1823495408210618,0.16031500074239236,0.15851488467355557,0.10617745054447401,0.1590379866364432,0.15284916861202952,0.15280009710364012,0.11450972492743701,0.007632216442461846,-0.04178133558181857,0.22723130454161133,0.15871699157636665,0.2836360420968512,0.25109333803014244,0.0080602305506059,0.1821571264536059,0.28155877708467775,0.30679509451541226,0.2826473416899521,0.046382628162825144,0.3826318423659436,0.4124692010604738,0.3592474894123772,0.3529609321856929,0.02758106141426912,1.0,0.3570697207887796,0.42665615731146805,0.3909475989947089,0.19653650154136804,0.2200074092929594,0.2181603870370956,0.2165421809266186,0.14803394065302922,0.04607471122317325,0.11633714768587844,0.0970509717345526,0.08455517960505568
Conduct experiments,-0.06294362968762911,-0.025328409091683747,0.0021078446428170806,0.004739640044655903,0.027010451288809953,-0.013653475010638589,-0.06490161414241022,0.028576641166286273,0.02324961880426368,0.06147138268361369,0.018355714367235206,0.01597067682391466,-0.025303900384365238,0.07088907811706051,0.07240032135372981,0.05914232963512539,0.05478246015062274,0.06282123061380904,0.04359887864930658,0.17497267192308688,0.16701027368190993,0.06506690126662891,0.10096597818468257,0.12726618723847258,0.13117522427954925,0.12501211173446797,0.09668604487539156,0.12537154563561334,0.12891694497655418,0.12926935979271156,0.08321286248375231,0.025543142651372128,-0.0001702231870748508,0.19589312691973143,0.15485732258667864,0.19650427393852643,0.18817546399059684,-0.012852922868253808,0.19628799085769613,0.20990136828479894,0.23267996234698526,0.23049112122142665,0.07516549652513925,0.2300642976813877,0.2822287820233305,0.31308853444201656,0.30204530653239803,0.08203891982947366,0.3570697207887796,1.0,0.358746059448189,0.39061809002500714,0.1423495697526093,0.20394260816185258,0.19297196498471242,0.1610830628628656,0.11764883140530077,0.023727047354757135,0.06411057280943115,0.06329772681649795,0.053069934222723956
Solve science problems,-0.04777748094890228,0.01697062693182276,0.021687821661547025,-0.00826900238060346,0.05699937127936179,0.024316379543876818,-0.050430198581304625,0.07655302169617696,0.051850711666117225,0.0752746379170304,0.03167360486802025,0.04902543035500625,0.0216077640734402,0.07773024407045903,0.07160626158218461,0.10057430583408397,0.09699537336937258,0.08388000940481494,0.03009721123894387,0.05061419047185452,0.1401298993142124,0.09147404399384947,0.13576752656997831,0.18005945397154444,0.18721890922302398,0.18308789891048544,0.128875884485574,0.170492659448853,0.1847779417724939,0.17818861620418452,0.1179305982191687,0.011702326032707357,-0.06603843513038746,0.18996074460503015,0.17854384121071348,0.28347184386630564,0.23396784554993372,-0.023565349632177726,0.16927991126300523,0.328601518902682,0.3120675986899359,0.2934994946976201,0.03785867101395564,0.31300957656373757,0.3866761098258757,0.5387499671367505,0.43557604365036473,0.03597872795965325,0.42665615731146805,0.358746059448189,1.0,0.48207795393484437,0.17111978432676211,0.2344580875975701,0.2374278474835302,0.22571452320959404,0.1760080468898199,0.07548550508656168,0.10408905817423765,0.09441542931591693,0.09665322673994993
Express science views,-0.03430276586857474,-0.006366246518437634,0.0036481893867786174,0.002437186597573342,0.05045757578228092,0.016836494975043324,-0.05585783885020742,0.06655758396795061,0.05852808402571906,0.08247867380936177,0.045392592662118425,0.04016313513871049,0.008992099594271325,0.08314219138631188,0.0713643343772987,0.11420691102821581,0.10568179427200068,0.10995033264550337,0.03560879868839077,0.07049611202772245,0.10967581833176793,0.09550825413743562,0.1052923004281523,0.15581700022545533,0.15241971108278493,0.15634367420474848,0.10612302325907301,0.1479812452438277,0.1516553809144909,0.15712534907983733,0.11751376138804609,0.03597057097630072,-0.03058806732382659,0.18396875835720708,0.19779100776532682,0.26566412785545207,0.24250553782557105,-0.013450056277178515,0.19852651181451517,0.25950509999188237,0.3128627304080831,0.33536879024690275,0.0605290503031018,0.30654476249327545,0.36367574719916995,0.40542121012970694,0.4520516328232879,0.056601939091295274,0.3909475989947089,0.39061809002500714,0.48207795393484437,1.0,0.16693372560045852,0.2368439734064595,0.23346377991542325,0.20488619716556017,0.1873482020799524,0.06365555556866202,0.11611093289689917,0.09746857992635148,0.09254462607743691
Watch TV,0.002327924689824746,-0.09038591437604632,0.007689611881365451,0.03034641842500929,0.03752425556467915,0.004249861215872093,-0.11015954055449731,0.0620063073639064,0.08146744473857673,0.10771458124788721,0.06180679593566628,0.029250776072460214,-0.037329755763397574,0.09348519139547354,0.07782559757748957,0.09403520964482483,0.08135424056735704,0.06339413204106607,-0.004610623191945361,0.11646215306738343,0.06658894671409539,0.09370423985665174,0.08561192454692113,0.1287904109090762,0.10503365251986965,0.10211691150352477,0.07695608193201843,0.10683634188190425,0.09739546902506133,0.09688242657816652,0.11360960072765472,0.04108604358285579,-0.013254553995258793,0.10493119325321507,0.06923902822784106,0.1518776306796609,0.1343152150258464,0.04316988554306942,0.07626185019107246,0.1331806717617235,0.1537690374486054,0.14501733691597518,0.06077071178751538,0.18334720063749302,0.19299845647160563,0.15210195197743095,0.15355110209886277,0.05915638988540584,0.19653650154136804,0.1423495697526093,0.17111978432676211,0.16693372560045852,1.0,0.2554597952529765,0.2540058528408998,0.2794104121949185,0.1852445713207774,-0.009237000432551193,0.07549995469741792,0.027009040603155163,0.02396498429598533
Read magazine,-0.02407402191239989,0.01526335667327391,-0.008302399314548257,-0.041659010020713684,0.031220488259502764,-0.014975575598030153,-0.09118740076366978,0.045673474034775376,0.10404435538102796,0.13690957562318792,0.06475925911502872,0.03340582777672776,-0.025935591242451907,0.13279154422439976,0.11410350988318065,0.16031787909162099,0.16220518770362907,0.2010108959387345,0.018150865016563936,0.12793806159273746,0.15317732644306337,0.06871988245134826,0.11027587860018077,0.1355525735390849,0.12765415586665924,0.13511772794278265,0.10278337376598329,0.12443827333106372,0.12430573821743948,0.12901034816123033,0.17273293962955602,0.06807152405359729,-0.05294263912354874,0.14976935526417734,0.13733423173984077,0.21032870182011992,0.17263103884105574,-0.05058631880486895,0.1678234559884898,0.18714835372328775,0.22847669490663683,0.23634106827550097,0.005999700626867996,0.17667918881009528,0.20074179219091762,0.21628185675557138,0.22783246594382883,0.0005544169827022722,0.2200074092929594,0.20394260816185258,0.2344580875975701,0.2368439734064595,0.2554597952529765,1.0,0.43388729880389143,0.2607028826514043,0.12149012078523187,0.044839155309262545,0.1305065096425178,0.062492124630612794,0.06812202787389517
Read a book,0.0008694233822798309,0.008440254778232188,0.025289776574400357,-0.0323898081370124,0.02307088162637681,-0.02645728691739155,-0.07113779728232088,0.052803070538723434,0.06290341403836201,0.0894163210735196,0.04046183884192234,0.02525016186389232,-0.01000578288221478,0.09893242644402049,0.0990753509389272,0.13073136773404254,0.15766765579873726,0.19679077636939668,0.02906045093781205,0.08730734091951595,0.14682695304112245,0.07695451782939618,0.12826396950540056,0.1432433897064581,0.14900559743541184,0.1520007039569653,0.13236494150076017,0.1413117407245867,0.1497367974671179,0.15483211504398578,0.15565538062562087,0.0729574263528433,-0.029619368914133668,0.13592718481851399,0.12394723366645227,0.2055248011887199,0.1780988722364224,-0.015434040744999529,0.151388312870126,0.1923249957692015,0.21414738124979707,0.20677456875035818,0.02168784656828119,0.18230395555337228,0.20788561030612202,0.22113680236210048,0.2242470627455847,0.01780491056988825,0.2181603870370956,0.19297196498471242,0.2374278474835302,0.23346377991542325,0.2540058528408998,0.43388729880389143,1.0,0.29525055097325115,0.12056082456911056,0.0067932111226996815,0.08658202923328445,0.03636131800521962,0.033862178508328795
Play games,0.038447472578152536,0.0053475027319261695,-0.10376918444798235,-0.0042780841901646416,0.044282331877965896,0.0029402215310008863,-0.061372409698318864,0.061928099940705195,0.03862796042769604,0.04685284623982875,0.030981737143031006,0.04595110394843835,0.032051510195859195,0.0665985967388585,0.057739528960657836,0.08011526740441877,0.07405644101964919,0.042064228459340006,0.03190224204718985,0.023747102058731418,0.0620999106907161,0.09131747277570236,0.09825071330084717,0.1390188313501172,0.12155466081744494,0.1270870042858389,0.1040367306108978,0.14290805291928393,0.1332530845954959,0.13383611144774948,0.10033682110250546,0.039292671922796577,0.0006945319689680943,0.12281859413881058,0.11576575576126166,0.16021750047778036,0.13842760871848955,0.014352216779060643,0.1108036109346094,0.14808032943734617,0.18262583298784366,0.16431393084457488,0.031383227398407106,0.19034530191681828,0.23198062475132222,0.21501634272684622,0.206509540434687,0.04187433114051928,0.2165421809266186,0.1610830628628656,0.22571452320959404,0.20488619716556017,0.2794104121949185,0.2607028826514043,0.29525055097325115,1.0,0.23835744419422772,0.06161193356468963,0.042853176852960986,0.07653632372600688,0.06068341421514219
Help in household,-0.219520975327621,0.035238239860783435,0.046284440062522636,0.062173940876559156,0.039369889453441866,0.10936879670245576,0.11609473935430548,0.03872554157299474,0.0345929899885427,0.010796850943622854,0.03241204594091793,0.005296286231712044,0.0814150112431065,0.03681774472962954,0.019155158953485754,0.01767353038538156,0.09441684307145445,0.06904008160653836,-0.0025855247042411234,-0.03402346373622967,0.0026983902706634887,0.09408324259399152,0.06648738911814149,0.1030908640443914,0.09400097890828663,0.09010676241686004,0.05605035428547854,0.08447028988764309,0.0793822517823668,0.07914379692475554,0.05446880536293773,0.02385527072860049,0.033524334814476045,0.020968548986425837,0.16175596717957927,0.13606191501886816,0.08791433499624898,0.06982255996194055,0.02607901460139143,0.12633248284985626,0.09476085742953279,0.1062891972722618,0.07538238920438894,0.1626076109281776,0.18874257963969276,0.19312182237961892,0.1959306877164993,0.08498168089186565,0.14803394065302922,0.11764883140530077,0.1760080468898199,0.1873482020799524,0.1852445713207774,0.12149012078523187,0.12056082456911056,0.23835744419422772,1.0,0.0982449605039635,0.08691429055350904,0.10552660541681516,0.14602131985779757
Maths %,0.05826923763389408,0.0570185156740873,0.003654271956632262,-0.035907329753545394,0.040168535878294116,-0.007851487316509396,0.033935745189210054,0.040576432751828546,0.07207250750623921,0.036049672164752224,0.06462814022599984,0.013643266645245285,0.010585678158149262,0.02852655471494199,0.005095183642876241,0.04164332166013617,0.052381569252270783,0.02740975171342399,-0.036184990571572914,-0.08327228686331169,0.02235702017742636,0.026569557742685986,0.0614811085999529,0.0656465608750484,0.06809235639951226,0.0611328911074485,0.061273540475592705,0.07064078540432256,0.06986453857327556,0.06515295119609853,0.008580174709434927,0.03988089862710708,-0.05017421668090394,-0.011115647914014856,0.08162086972539528,0.05654250523017866,0.020851764635020253,-0.07795827469052057,0.029113956417208504,0.04451429603697573,0.04622118794136738,0.049512565993129476,-0.03932020366923195,0.045355014726108214,0.06819367136339138,0.05911983860691914,0.05665982238771791,-0.04789985535779313,0.04607471122317325,0.023727047354757135,0.07548550508656168,0.06365555556866202,-0.009237000432551193,0.044839155309262545,0.0067932111226996815,0.06161193356468963,0.0982449605039635,1.0,0.3517904613798259,0.501882433340405,0.5136581373849946
Reading %,0.02646177085029142,0.018801100624634682,0.04588771996342304,-0.04614537387217924,0.09108415413254409,-0.03613226799494463,-0.13013650255276157,0.08853804042274593,0.1856389181078514,0.18817828433514802,0.13923824979596922,0.00770139352669359,-0.0628963271177406,0.11984299979757215,0.08317059473099812,0.15534077985378064,0.15189723636577454,0.14226015346188828,0.026995131837692303,0.0785962274699368,0.08476868263534723,0.07050158481682936,0.007197626441772544,0.07292118260020691,0.04344808017405773,0.048096646825785475,-8.393031956214972e-05,0.049274164565254,0.03770626478393258,0.04288653151679956,0.06678948819661334,0.062360234115644675,-0.13519685026174671,0.054070442205658376,0.051081787852792965,0.11894703546020358,0.09336586439361975,-0.08460198162777394,0.04046536809572397,0.06769450649549369,0.10143823538875839,0.1262271531805892,-0.07970056180679452,0.0928284553314455,0.09676980792878094,0.07544286830770486,0.0990975974721876,-0.10847490584147969,0.11633714768587844,0.06411057280943115,0.10408905817423765,0.11611093289689917,0.07549995469741792,0.1305065096425178,0.08658202923328445,0.042853176852960986,0.08691429055350904,0.3517904613798259,1.0,0.4337582513655282,0.4664368581203309
Science %,0.055972266288077915,-0.01992622448900419,0.002962094207536392,-0.03171954567577921,0.07871267753482819,0.00979856820827755,-0.05050851047311201,0.06269894734968012,0.11532225902482249,0.10354998478614161,0.09809938255556572,0.017077694392090618,-0.018267442442448364,0.07587478766836983,0.03071984355576379,0.0976086210735208,0.10220869989242151,0.0744016306524628,0.014539492252686966,0.01122128180553544,0.05087215419440202,0.052384768702153674,0.01115506723205695,0.06173638133416029,0.04259107767340422,0.030640223388724325,0.01996814978334342,0.05851197545330779,0.04864672450451609,0.04091659690292912,0.03564432043800204,0.047768357152488554,-0.0744129432927532,0.014071551374656014,0.08763369178217838,0.07023678511017278,0.061988022990964,-0.0648421131902616,0.03547388145049968,0.04417490988096204,0.0672308243841209,0.07955091720445988,-0.0512430310489302,0.07420671156988823,0.0796062400071117,0.06616888467108129,0.0825215383373836,-0.07835565796856797,0.0970509717345526,0.06329772681649795,0.09441542931591693,0.09746857992635148,0.027009040603155163,0.062492124630612794,0.03636131800521962,0.07653632372600688,0.10552660541681516,0.501882433340405,0.4337582513655282,1.0,0.5582800899902383
Social %,0.019506095908341615,0.037370069523304704,0.01797941447141494,-0.023236976381542984,0.06964239733804185,0.014443126740854935,-0.006860849444308505,0.06143544214173427,0.10733758768557612,0.09054233278598253,0.08622033099383379,0.012926548018921803,-0.008077961482962841,0.06771555498060092,0.029262461483508646,0.07617357402643568,0.09770533001131348,0.07094265551201566,0.0011169397837771835,-0.004989083184455664,0.060564048654213075,0.04524207096267654,0.036551489208771375,0.06646292064024138,0.05669466722725274,0.06053620524366998,0.03461296234706208,0.060889863328223055,0.057303160829741094,0.06405265039134066,0.02674516583174155,0.022219735308531188,-0.08373302190919188,0.012726439759369995,0.08343665174458201,0.08279053533167365,0.04885038943515493,-0.05519307974518076,0.02403234473993122,0.060016952766867096,0.06711500602498718,0.07503901454278662,-0.05651848705364646,0.06796081776730169,0.08209524992729995,0.08273984040038686,0.09208483172773427,-0.060975498978436224,0.08455517960505568,0.053069934222723956,0.09665322673994993,0.09254462607743691,0.02396498429598533,0.06812202787389517,0.033862178508328795,0.06068341421514219,0.14602131985779757,0.5136581373849946,0.4664368581203309,0.5582800899902383,1.0
